,Exp_IDs,ID_IDs,Light,Stage,Age,Spec,Rep,sws1,sws2b,sws2a,P_sws1,P_sws2b,P_sws2a,SC_sws1,SC_sws2b,SC_sws2a,PSI_SC
66,PRN134,RR-E5-NIC02,RR,E,5,NIC,2,24.47949804,23.86123494,22.82526644,0.042565965,0.065339863,0.133978717,0.175976374,0.270128309,0.553895317,440.3231684
67,PRN135,RR-E10-NIC02,RR,E,10,NIC,2,27.9480589,26.22938704,21.50924188,0.003756883,0.012365152,0.325915302,0.010983839,0.03615147,0.952864691,463.8957748
68,PRN136,RR-E15-NIC02,RR,E,15,NIC,2,24.17536433,23.30612346,24.72959624,0.045692018,0.083465676,0.031117157,0.285085387,0.520765894,0.194148718,422.2410357
69,PRN137,RR-E20-NIC02,RR,E,20,NIC,2,27.08570618,25.58650158,21.41159589,0.005721669,0.016174404,0.292146128,0.018219428,0.051503919,0.930276653,462.7296388
70,PRN138,RR-E21-NIC02,RR,E,21,NIC,2,28.4951087,27.54969001,21.97163002,0.002402838,0.004627259,0.221048292,0.010535139,0.02028802,0.969176841,464.3557868
71,PRN139,RR-E22-NIC02,RR,E,22,NIC,2,27.95795294,27.34119257,21.18742993,0.001918031,0.002941162,0.209404532,0.008951729,0.013726831,0.97732144,464.6942192
75,PRN142,RR-E26-NIC02,RR,E,26,NIC,2,28.67175436,26.72627119,21.32383586,0.000954572,0.003676695,0.15550798,0.005960889,0.022959362,0.971079749,464.7712024
76,PRN143,RR-E30-NIC02,RR,E,30,NIC,2,27.78196744,28.55071489,21.0595193,0.002938215,0.001724517,0.310271607,0.00932961,0.005475798,0.985194592,464.8686906
77,PRN144,RR-E31-NIC02,RR,E,31,NIC,2,28.59427227,26.71373441,19.8720924,0.000493842,0.001818387,0.208557514,0.002341929,0.008623272,0.989034798,465.5275504
78,PRN145,RR-E32-NIC02,RR,E,32,NIC,2,32.33523606,30.67650979,24.37872741,0.000809717,0.002556582,0.201131957,0.003959531,0.012501729,0.983538741,465.2552448
79,PRN146,RR-E33-NIC02,RR,E,33,NIC,2,35.31705593,32.31701734,26.64018024,0.000460464,0.003683811,0.188449757,0.002390853,0.019127337,0.97848181,465.2492588
80,PRN147,RR-E34-NIC02,RR,E,34,NIC,2,38.49931608,32.65487557,28.37652654,0.000118736,0.006822332,0.132386672,0.000852204,0.048966074,0.950181723,464.6365485
130,PRN193,RR-E10-NIC03,RR,E,10,NIC,3,28.99800014,25.84035314,22.44525534,0.002202161,0.019651494,0.20673873,0.009633572,0.085967403,0.904399025,462.7436889
131,PRN194,RR-E20-NIC03,RR,E,20,NIC,3,28.87522919,28.99123188,22.11920806,0.005721575,0.005279531,0.618415888,0.009090278,0.00838797,0.982521752,464.8183433
132,PRN195,RR-E21-NIC03,RR,E,21,NIC,3,28.56334044,26.15993524,20.89949335,0.000962955,0.005094517,0.195278218,0.004782833,0.025303595,0.969913572,464.8351263
133,PRN196,RR-E22-NIC03,RR,E,22,NIC,3,28.3054695,25.34053371,20.65197863,0.000788704,0.006158129,0.158797818,0.004758551,0.037154318,0.958087132,464.5295814
134,PRN197,RR-E23-NIC03,RR,E,23,NIC,3,28.09934309,24.83902346,21.19383895,0.001494824,0.014323334,0.1792066,0.007664792,0.073443671,0.918891537,463.2779966
135,PRN198,RR-E24-NIC03,RR,E,24,NIC,3,27.22807197,26.79433284,19.87666934,0.003849462,0.005199582,0.628626503,0.006036709,0.008153962,0.985809329,465.1481059
136,PRN199,RR-E26-NIC03,RR,E,26,NIC,3,28.27269401,25.47147901,20.80233735,0.001059455,0.007384686,0.187881382,0.005396418,0.0376145,0.956989083,464.4500027
138,PRN200,RR-E27-NIC03,RR,E,27,NIC,3,29.56273829,27.08846759,21.77277228,0.000880755,0.004894234,0.194925426,0.004388406,0.024385771,0.971225823,464.9007989
139,PRN201,RR-E28-NIC03,RR,E,28,NIC,3,27.30860241,24.02606598,20.3932751,0.001434966,0.013963154,0.173205845,0.007608355,0.074034254,0.918357391,463.2686238
140,PRN202,RR-E29-NIC03,RR,E,29,NIC,3,28.15274616,25.46183116,20.21102633,0.002206713,0.01424925,0.542552485,0.003947549,0.025490223,0.970562228,464.918814
141,PRN203,RR-E30-NIC03,RR,E,30,NIC,3,27.87890622,25.05319459,19.17581066,0.001371812,0.009725651,0.571725481,0.002353738,0.016687145,0.980959117,465.316638
142,PRN204,RR-E31-NIC03,RR,E,31,NIC,3,27.85211846,24.96094577,18.68342302,0.000957098,0.007100454,0.5508188,0.00171254,0.012704874,0.985582586,465.488144
143,PRN205,RR-E32-NIC03,RR,E,32,NIC,3,28.64693153,26.25221382,21.05929038,0.001289854,0.006783008,0.248112144,0.005034852,0.026476989,0.968488159,464.7779039
144,PRN206,RR-E33-NIC03,RR,E,33,NIC,3,27.20562784,25.67611641,20.26556911,0.001634795,0.004719458,0.200737789,0.00789405,0.02278918,0.96931677,464.570712
191,PRN25,RR-L35-NIC02,RR,L,35,NIC,2,33.54893603,33.18606633,19.81182501,2.71E-05,3.49E-05,0.370138075,7.32E-05,9.42E-05,0.999832615,465.9897902
210,PRN269,RR-E21-NIC04,RR,E,21,NIC,4,29.48145958,27.77623108,21.87869647,NA,NA,NA,0.00503412,0.016415287,0.978550594,465.0395859
211,PRN270,RR-E22-NIC04,RR,E,22,NIC,4,28.4676791,24.98959039,22.9519691,NA,NA,NA,0.017273096,0.192477172,0.790249732,459.1646453
212,PRN271,RR-E23-NIC04,RR,E,23,NIC,4,29.55037829,25.59248152,20.08878216,NA,NA,NA,0.001385815,0.021535305,0.977078879,465.2931856
213,PRN272,RR-E24-NIC04,RR,E,24,NIC,4,27.84144142,25.70712359,20.61195076,NA,NA,NA,0.006432516,0.02824064,0.965326845,464.5838967
214,PRN273,RR-E25-NIC04,RR,E,25,NIC,4,28.79541077,27.12396934,20.88885382,NA,NA,NA,0.004096181,0.013047676,0.982856143,465.2265652
215,PRN274,RR-E26-NIC04,RR,E,26,NIC,4,28.80377943,25.43179803,20.85594676,NA,NA,NA,0.003872044,0.040087395,0.956040561,464.5472911
216,PRN275,RR-E27-NIC04,RR,E,27,NIC,4,28.62327567,25.60941265,21.47849394,NA,NA,NA,0.006640576,0.053637546,0.939721879,463.9015228
217,PRN276,RR-E28-NIC04,RR,E,28,NIC,4,28.59506848,26.10730911,20.31589334,NA,NA,NA,0.003151936,0.017679405,0.979168659,465.2062302
218,PRN277,RR-E29-NIC05,RR,E,29,NIC,5,29.03766519,27.56752955,21.35388943,NA,NA,NA,0.004775965,0.013231712,0.981992323,465.1497232
219,PRN278,RR-E30-NIC04,RR,E,30,NIC,4,28.70197251,26.52013146,20.90521554,NA,NA,NA,0.004387931,0.019909454,0.975702615,465.0172335
250,PRN308,RR-L35-NIC04,RR,L,35,NIC,4,30.09049622,28.74281644,20.75277894,NA,NA,NA,0.001537072,0.003911885,0.994551043,465.7353614
251,PRN309,RR-L40-NIC04,RR,L,40,NIC,4,28.17429905,31.54160628,21.16426267,NA,NA,NA,0.007692872,0.000745466,0.991561662,465.1651734
252,PRN310,RR-L44-NIC04,RR,L,44,NIC,4,25.96656802,25.84204741,21.53673836,NA,NA,NA,0.042295213,0.046107933,0.911596854,460.3179012
253,PRN311,RR-L45-NIC04,RR,L,45,NIC,4,26.17480021,32.28320929,21.17227153,NA,NA,NA,0.03023831,0.000438271,0.969323418,462.7833441
280,PRN34,RR-L36-NIC02,RR,L,36,NIC,2,33.68866266,32.49276316,19.76879178,1.00E-05,2.30E-05,0.155652906,6.45E-05,0.000147778,0.999787714,465.98932
298,PRN36,RR-L38-NIC02,RR,L,38,NIC,2,26.21659137,23.86950554,22.89653868,0.010436362,0.053099735,0.104228038,0.062208538,0.316514225,0.621277237,451.1765251
309,PRN37,RR-L39-NIC02,RR,L,39,NIC,2,33.72875426,25.44735542,23.37807053,8.38E-05,0.02606204,0.109376804,0.000618084,0.192307692,0.807074224,460.9344832
320,PRN38,RR-L40-NIC02,RR,L,40,NIC,2,28.09585329,28.1534999,20.59229013,0.004015217,0.003857942,0.728629243,0.005451736,0.005238193,0.989310071,465.2859229
353,PRN42,RR-E5-NIC01,RR,E,5,NIC,1,27.87507345,26.10404222,32.10148863,0.023763022,0.081102679,0.001269474,0.223893938,0.764145142,0.01196092,422.3994689
354,PRN43,RR-E10-NIC01,RR,E,10,NIC,1,26.26112921,24.77277025,28.13462447,0.046566322,0.130650965,0.012708482,0.245181693,0.687905419,0.066912887,422.1251996
355,PRN44,RR-E15-NIC01,RR,E,15,NIC,1,27.49968822,25.94021265,22.44197828,0.008873252,0.026153616,0.295532482,0.026843143,0.079119275,0.894037582,461.0975256
356,PRN45,RR-E20-NIC01,RR,E,20,NIC,1,26.27360947,29.23443227,20.91157072,0.016323621,0.002096621,0.671353092,0.023665195,0.00303958,0.973295225,463.4124602
357,PRN46,RR-E21-NIC01,RR,E,21,NIC,1,30.95555887,28.89640799,23.13431584,0.001056499,0.004402864,0.238944967,0.004322751,0.018014674,0.977662574,465.0734068
358,PRN47,RR-E22-NIC01,RR,E,22,NIC,1,26.4728197,28.71855136,20.87843619,0.012593517,0.002655305,0.608449132,0.020191692,0.004257357,0.97555095,463.7489894
359,PRN48,RR-E23-NIC01,RR,E,23,NIC,1,27.18293315,26.94625505,20.40813393,0.004339642,0.005113298,0.475194775,0.008954219,0.010550546,0.980495236,464.7765386
360,PRN49,RR-E24-NIC01,RR,E,24,NIC,1,28.5865852,27.76917605,21.80633594,0.002767556,0.004877094,0.304196923,0.008874878,0.015639652,0.97548547,464.652632
369,PRN57,RR-L35-NIC01,RR,L,35,NIC,1,29.25308206,27.41717852,22.48188203,0.002438367,0.008704848,0.266338205,0.008787498,0.031370922,0.95984158,464.2528812
372,PRN60,RR-L38-NIC01,RR,L,38,NIC,1,28.83818052,33.74685022,22.49668813,0.010586949,0.000352463,0.858519654,0.012176478,0.000405382,0.98741814,464.6987534
373,PRN61,RR-L39-NIC01,RR,L,39,NIC,1,28.19917746,27.70000747,20.91966831,0.00559485,0.007907761,0.869238654,0.00633804,0.008958187,0.984703773,465.0952549
374,PRN62,RR-L40-NIC01,RR,L,40,NIC,1,27.78713256,28.30221609,21.15481286,0.00519533,0.003635445,0.515395151,0.009910479,0.006934882,0.983154639,464.7691823
375,PRN63,RR-L41-NIC01,RR,L,41,NIC,1,27.28020978,28.12418745,20.1253298,0.004105426,0.002287155,0.585048222,0.006941397,0.00386709,0.989191513,465.1636676
376,PRN64,RR-L44-NIC01,RR,L,44,NIC,1,26.3397583,31.09402729,21.18990001,0.024982632,0.000925679,0.886951785,0.027367427,0.001014043,0.97161853,463.0726876
377,PRN65,RR-L45-NIC01,RR,L,45,NIC,1,33.7319659,27.79910579,20.62818834,4.44E-05,0.002710153,0.390530573,0.000112802,0.006891064,0.992996133,465.8088753
413,PRX104,RR-E5-XIL01,RR,E,5,XIL,1,24.65300233,25.98932089,26.41729352,0.064356611,0.025487145,0.018944738,0.59157553,0.234281627,0.174142844,397.2016716
414,PRX105,RR-E10-XIL01,RR,E,10,XIL,1,26.2590606,23.02648939,26.42074825,0.022265862,0.209286112,0.019905206,0.08854733,0.832293243,0.079159426,434.9743587
415,PRX106,RR-E15-XIL01,RR,E,15,XIL,1,24.8924113,21.48418967,24.875177,0.01690803,0.179502272,0.017111223,0.079186536,0.8406753,0.080138164,435.7486694
416,PRX107,RR-E20-XIL01,RR,E,20,XIL,1,25.77488303,23.42789876,21.24333222,0.007242167,0.036845226,0.16749478,0.034228627,0.174141447,0.791629926,457.8440879
417,PRX108,RR-E21-XIL01,RR,E,21,XIL,1,25.55811605,22.0874243,22.4681022,0.010282751,0.113996531,0.087558067,0.048540783,0.538132352,0.413326865,446.8632358
418,PRX109,RR-E22-XIL01,RR,E,22,XIL,1,32.69651433,22.50803091,21.23136395,4.68E-05,0.054558094,0.132182584,0.000250307,0.292086535,0.707663158,458.3792176
420,PRX110,RR-E23-XIL01,RR,E,23,XIL,1,24.69353612,22.18009312,22.34386643,0.016593062,0.094743247,0.084576087,0.084696335,0.483600065,0.4317036,444.4485868
422,PRX112,RR-E25-XIL01,RR,E,25,XIL,1,25.61449335,21.70560377,22.21189282,0.007789117,0.116998751,0.082370753,0.037599771,0.564778577,0.397621652,447.3301813
423,PRX113,RR-E26-XIL01,RR,E,26,XIL,1,27.0852733,23.89086212,21.20019714,0.005248713,0.048047011,0.310196753,0.014439673,0.132181584,0.853378743,461.0326734
424,PRX114,RR-E27-XIL01,RR,E,27,XIL,1,26.19731479,22.18320877,22.28895671,0.005838615,0.094335719,0.087668356,0.031082472,0.502205962,0.466711566,449.647903
425,PRX115,RR-E28-XIL01,RR,E,28,XIL,1,26.68777303,22.79764822,23.74472769,0.009687955,0.143640328,0.074503566,0.042522393,0.63046641,0.327011197,445.1004997
426,PRX116,RR-E30-XIL01,RR,E,30,XIL,1,26.16075241,22.3188484,21.1335807,0.004149707,0.05950395,0.135315307,0.020856053,0.299061466,0.680082481,456.0136603
469,PRX160,RR-L37-XIL02,RR,L,37,XIL,2,25.41812766,22.33467618,22.82126917,0.01415189,0.119957061,0.085614383,0.064407769,0.545945935,0.389646296,444.9781822
470,PRX162,RR-L39-XIL02,RR,L,39,XIL,2,26.85024314,24.23382318,21.14480878,0.005074574,0.031118633,0.264793006,0.016859824,0.1033889,0.879751277,461.5247473
471,PRX163,RR-L40-XIL02,RR,L,40,XIL,2,25.86681917,23.45312146,20.982262,0.008669326,0.046193486,0.256084649,0.027880355,0.148557205,0.82356244,459.182195
472,PRX164,RR-L41-XIL02,RR,L,41,XIL,2,27.15000308,22.0189942,20.04110469,0.001229603,0.043087623,0.169729217,0.005744562,0.201300346,0.792955092,460.1572674
473,PRX165,RR-L42-XIL02,RR,L,42,XIL,2,26.28627444,22.02532577,21.59171013,0.004581438,0.087836523,0.118633256,0.021707705,0.416185817,0.562106478,452.878152
474,PRX166,RR-L43-XIL02,RR,L,43,XIL,2,27.20232158,23.31380308,21.11301679,0.003017611,0.044691396,0.20545968,0.011919368,0.176528135,0.811552498,460.1468155
475,PRX167,RR-L44-XIL02,RR,L,44,XIL,2,27.12787801,23.43271065,20.62375206,0.002664461,0.034511635,0.241850129,0.009549141,0.12368599,0.86676487,461.7719554
476,PRX168,RR-E5-XIL03,RR,E,5,XIL,3,25.10563385,23.37643867,27.87770431,0.060249913,0.199754256,0.008820233,0.224123675,0.743065936,0.032810389,422.9231761
477,PRX169,RR-E15-XIL03,RR,E,15,XIL,3,25.40323708,22.21432267,23.93797281,0.021980297,0.200443719,0.060690688,0.077637427,0.707994731,0.214367841,439.3625697
478,PRX17,RR-L36-XIL01,RR,L,36,XIL,1,29.20847581,28.04793116,27.62529842,0.030982654,0.069259185,0.092833026,0.160469641,0.358716732,0.480813627,439.663583
479,PRX170,RR-E21-XIL03,RR,E,21,XIL,3,25.09121955,21.84944878,22.47079588,0.013194757,0.124816391,0.081138599,0.06020886,0.569548416,0.370242724,444.809602
480,PRX171,RR-E22-XIL03,RR,E,22,XIL,3,24.87893944,21.75518967,23.72986365,0.018919653,0.164913251,0.041958452,0.083792638,0.730378939,0.185828424,438.128128
481,PRX172,RR-E23-XIL03,RR,E,23,XIL,3,27.31407273,22.67783255,23.05159594,0.005042407,0.125396464,0.096776809,0.022192163,0.551882967,0.42592487,449.2986736
482,PRX173,RR-E25-XIL03,RR,E,25,XIL,3,27.71151744,24.21525299,23.34938613,0.007789797,0.087903586,0.160198516,0.030441748,0.343518441,0.626039811,453.8416953
483,PRX174,RR-E26-XIL03,RR,E,26,XIL,3,25.89830221,22.4137493,23.90715259,0.013256571,0.148383687,0.052701985,0.061847683,0.692274584,0.245877733,441.4450064
484,PRX175,RR-E27-XIL03,RR,E,27,XIL,3,24.88974016,21.41660095,22.31414273,0.012557524,0.139451469,0.074857634,0.05535201,0.614684809,0.329963181,444.1508819
485,PRX176,RR-E28-XIL03,RR,E,28,XIL,3,25.21088553,21.102349,24.31999005,NA,NA,NA,0.04974018,0.858025275,0.092234545,438.4188838
486,PRX177,RR-E30-XIL03,RR,E,30,XIL,3,27.28535801,22.47712218,24.55464131,NA,NA,NA,0.028046593,0.785784246,0.186169161,442.5966708
509,PRX20,RR-L39-XIL01,RR,L,39,XIL,1,25.37957497,21.23604151,21.49693441,0.007784376,0.137578838,0.114819341,0.029918899,0.528778105,0.441302996,449.080366
511,PRX201,RR-L45-XIL02,RR,L,45,XIL,2,26.60761607,20.4646935,18.93535006,NA,NA,NA,0.003627889,0.256364522,0.740007589,458.9499662
512,PRX202,RR-L46-XIL02,RR,L,46,XIL,2,28.75009823,22.42725661,21.18113363,NA,NA,NA,0.003690944,0.295462586,0.70084647,457.9267326
513,PRX203,RR-L47-XIL02,RR,L,47,XIL,2,30.99367067,21.63634415,22.30582379,NA,NA,NA,0.000935207,0.613399823,0.38566497,449.9524727
514,PRX204,RR-L48-XIL02,RR,L,48,XIL,2,40,23.73711884,20.07984003,NA,NA,NA,9.34E-07,0.073438405,0.926560662,464.0905025
516,PRX206,RR-L50-XIL02,RR,L,50,XIL,2,28.38010773,22.03868087,19.35822103,NA,NA,NA,0.001661364,0.134717616,0.86362102,462.3212374
517,PRX207,RR-L51-XIL02,RR,L,51,XIL,2,27.18030061,20.93813726,20.98176387,NA,NA,NA,0.006660489,0.504178747,0.489160764,452.1853407
531,PRX22,RR-L41-XIL01,RR,L,41,XIL,1,26.52862269,22.82871074,21.1555785,0.003480798,0.045233826,0.144253487,0.018038204,0.234410888,0.747550907,457.9932672
542,PRX23,RR-L42-XIL01,RR,L,42,XIL,1,26.59392726,22.04480295,22.14791956,0.005135378,0.12022514,0.111931957,0.021641555,0.506653824,0.471704622,450.5329958
553,PRX24,RR-L48-XIL01,RR,L,48,XIL,1,28.80590112,25.40097025,22.82614458,0.002754664,0.029177966,0.173842024,0.013386801,0.141795722,0.844817477,460.8943103
564,PRX25,RR-L49-XIL01,RR,L,49,XIL,1,27.52175741,23.07534762,22.99975797,NA,NA,NA,0.021844829,0.476267966,0.501887205,451.301481
581,PRX265,RR-E24-XIL03,RR,E,24,XIL,3,27.11562554,22.75712378,22.00981873,0.003844194,0.078857883,0.132375115,0.017873557,0.366649212,0.615477231,454.5725234
582,PRX266,RR-E31-XIL03,RR,E,31,XIL,3,25.35339089,21.70431073,22.31719211,0.008539456,0.107130415,0.070051446,0.045979945,0.576834239,0.377185816,446.1284356
583,PRX267,RR-E32-XIL03,RR,E,32,XIL,3,27.36780971,22.37589496,21.66806463,0.003028099,0.096357631,0.157385339,0.011792991,0.375266697,0.612940313,454.9930089
584,PRX268,RR-E33-XIL03,RR,E,33,XIL,3,28.81838417,23.07524033,21.38032843,0.000841737,0.045085311,0.145966902,0.004386471,0.2349491,0.760664429,459.4263575
585,PRX269,RR-E34-XIL03,RR,E,34,XIL,3,27.59882305,22.62827543,21.99828221,0.002387063,0.074842415,0.115822958,0.012364842,0.387679207,0.599955951,454.6096673
587,PRX270,RR-E35-XIL03,RR,E,35,XIL,3,24.54463389,21.15767906,22.4119428,0.009597989,0.100404977,0.042090514,0.063105854,0.660153065,0.276741081,442.1467998
40,PRN110,WW-E5-NIC01,WW,E,5,NIC,1,22.5242604,28.69076421,30.19967934,0.26965427,0.00375409,0.001319095,0.981533754,0.013664779,0.004801467,361.6021378
41,PRN111,WW-E15-NIC01,WW,E,15,NIC,1,21.13915165,24.20441424,28.42045474,0.217361024,0.02596843,0.001397304,0.888178415,0.106111934,0.005709651,369.0941777
42,PRN112,WW-E20-NIC01,WW,E,20,NIC,1,21.80585089,23.06322211,25.58063204,0.129680844,0.054246206,0.009474438,0.670526606,0.280484948,0.048988446,387.6315711
43,PRN113,WW-E21-NIC01,WW,E,21,NIC,1,22.63881015,23.29585932,26.77950961,0.100642324,0.063824754,0.00570566,0.591412732,0.375058629,0.033528639,393.5587261
44,PRN114,WW-E22-NIC01,WW,E,22,NIC,1,22.0316429,21.33979384,23.18284361,0.052867739,0.085400036,0.023803718,0.32620011,0.526928178,0.146871712,417.7226557
45,PRN115,WW-E23-NIC01,WW,E,23,NIC,1,20.46250087,22.02969458,24.55048415,0.160968973,0.054321263,0.009465348,0.716195657,0.241690381,0.042113962,383.7993104
46,PRN116,WW-E24-NIC01,WW,E,24,NIC,1,22.64222102,23.41071956,28.2102582,0.093498951,0.054886511,0.001970882,0.621849059,0.36504287,0.013108071,390.5928851
47,PRN117,WW-E25-NIC01,WW,E,25,NIC,1,21.32815901,23.4993951,28.14355335,0.162454505,0.036068208,0.001442426,0.812414131,0.180372481,0.007213389,375.1944177
48,PRN118,WW-E26-NIC01,WW,E,26,NIC,1,22.3906625,22.36258292,25.31519039,0.070715948,0.072105794,0.009314226,0.464820706,0.47395626,0.061223034,404.4061424
49,PRN119,WW-E30-NIC01,WW,E,30,NIC,1,21.43271288,22.47024653,24.32399874,0.12728672,0.062008945,0.01715613,0.616544506,0.300355563,0.083099931,392.8370377
108,PRN172,WW-E5-NIC02,WW,E,5,NIC,2,23.71168916,31.1808606,32.22929543,NA,NA,NA,0.991697291,0.005596732,0.002705977,360.7345721
109,PRN173,WW-E10-NIC02,WW,E,10,NIC,2,23.6805379,27.88974942,30.76248147,NA,NA,NA,0.942112606,0.050933543,0.006953851,364.8117917
110,PRN174,WW-E15-NIC02,WW,E,15,NIC,2,23.28601347,26.95297838,30.48326018,NA,NA,NA,0.921197999,0.072524803,0.006277198,366.4673672
111,PRN175,WW-E20-NIC02,WW,E,20,NIC,2,22.23975652,24.15125953,27.0682425,NA,NA,NA,0.768633325,0.204314631,0.027052045,379.2126872
112,PRN176,WW-E21-NIC02,WW,E,21,NIC,2,22.04050217,23.16859618,26.69702473,NA,NA,NA,0.667926768,0.305589701,0.026483531,387.2544304
113,PRN177,WW-E22-NIC02,WW,E,22,NIC,2,22.22150078,24.83909139,28.04374677,NA,NA,NA,0.847017323,0.138012684,0.014969993,372.627834
114,PRN178,WW-E23-NIC02,WW,E,23,NIC,2,21.47711778,23.34039305,26.22707761,NA,NA,NA,0.762186206,0.209488091,0.028325703,379.7615718
115,PRN179,WW-E24-NIC02,WW,E,24,NIC,2,22.254331,23.04469461,27.51103041,NA,NA,NA,0.623303595,0.360393108,0.016303297,390.5595981
117,PRN180,WW-E25-NIC02,WW,E,25,NIC,2,22.03327405,21.90468193,24.87224519,NA,NA,NA,0.447830669,0.489580281,0.06258905,405.8008618
118,PRN181,WW-E26-NIC02,WW,E,26,NIC,2,22.59813315,24.25430247,29.45635059,NA,NA,NA,0.754204829,0.239294471,0.0065007,379.8326319
119,PRN182,WW-E27-NIC02,WW,E,27,NIC,2,22.6562446,23.25350263,25.82566089,NA,NA,NA,0.564283337,0.372996403,0.06272026,396.4880598
120,PRN183,WW-E28-NIC02,WW,E,28,NIC,2,22.5803508,21.63948884,24.31338504,NA,NA,NA,0.310511422,0.596080962,0.093407616,417.5876843
121,PRN184,WW-E30-NIC02,WW,E,30,NIC,2,29.98448169,31.14075153,34.25023992,NA,NA,NA,0.666375155,0.298983272,0.034641574,387.5906685
128,PRN191,WW-L40-NIC02,WW,L,40,NIC,2,25.32160415,24.77746959,26.22483407,NA,NA,NA,0.334131495,0.487212295,0.178656209,417.9145418
129,PRN192,WW-L41-NIC02,WW,L,41,NIC,2,23.03428488,23.43032206,25.83477249,NA,NA,NA,0.525353118,0.399238341,0.075408541,399.9323727
137,PRN2,WW-L36-NIC01,WW,L,36,NIC,1,26.45877998,28.57076004,36.09638396,0.052186099,0.012072174,6.55E-05,0.81130325,0.187678217,0.001018534,375.1222219
149,PRN211,WW-L35-NIC03,WW,L,35,NIC,3,22.57258445,23.52290851,26.33373236,NA,NA,NA,0.628429047,0.325222215,0.046348738,390.9307434
150,PRN212,WW-L36-NIC03,WW,L,36,NIC,3,22.08487161,22.65195871,28.11466694,NA,NA,NA,0.591616608,0.399328337,0.009055055,392.9061028
151,PRN213,WW-L37-NIC03,WW,L,37,NIC,3,21.16947102,23.31645776,25.88598884,NA,NA,NA,0.791252554,0.178651931,0.030095515,377.4822791
152,PRN214,WW-L38-NIC03,WW,L,38,NIC,3,21.97362359,23.05676191,26.19843292,NA,NA,NA,0.655530208,0.309410885,0.035058907,388.4691149
153,PRN215,WW-L39-NIC03,WW,L,39,NIC,3,21.44749337,23.88679898,29.59913999,NA,NA,NA,0.841829592,0.155210119,0.002960289,372.7306001
154,PRN216,WW-L40-NIC03,WW,L,40,NIC,3,22.0741571,22.68470072,25.66825045,NA,NA,NA,0.575454303,0.376893718,0.047651978,395.2026072
155,PRN217,WW-L41-NIC03,WW,L,41,NIC,3,22.25750498,22.06825674,23.54395219,NA,NA,NA,0.392137056,0.447102689,0.160760255,412.8088022
156,PRN218,WW-L42-NIC03,WW,L,42,NIC,3,24.97914025,26.01413375,27.74734814,NA,NA,NA,0.611693872,0.298517669,0.08978846,393.3989902
157,PRN219,WW-L43-NIC03,WW,L,43,NIC,3,22.42836568,22.26286104,24.47808257,NA,NA,NA,0.423174778,0.474615194,0.102210028,408.8034785
159,PRN220,WW-L44-NIC03,WW,L,44,NIC,3,22.29342579,21.66272477,22.80852694,NA,NA,NA,0.307875988,0.476689675,0.215434337,420.9712137
160,PRN221,WW-L45-NIC03,WW,L,45,NIC,3,22.11436363,22.09618017,24.15214971,NA,NA,NA,0.443219042,0.448840645,0.107940313,407.3489248
189,PRN248,WW-E5-NIC03,WW,E,5,NIC,3,23.02504925,26.25744943,27.06537465,NA,NA,NA,0.856766306,0.091161816,0.052071878,372.8125643
190,PRN249,WW-E15-NIC03,WW,E,15,NIC,3,19.91610518,24.79341256,25.42430549,NA,NA,NA,0.946973509,0.032219738,0.020806753,364.7830949
192,PRN250,WW-E20-NIC03,WW,E,20,NIC,3,21.43557685,22.25920177,25.29292201,NA,NA,NA,0.61198896,0.345786299,0.042224741,392.1387265
193,PRN251,WW-E21-NIC03,WW,E,21,NIC,3,21.30339396,22.40397572,26.11387408,NA,NA,NA,0.665794291,0.310478794,0.023726914,387.3533564
194,PRN252,WW-E22-NIC03,WW,E,22,NIC,3,21.26764657,22.41035446,25.91691263,NA,NA,NA,0.669900513,0.303403759,0.026695728,387.1020479
195,PRN253,WW-E23-NIC03,WW,E,23,NIC,3,21.33623716,22.57023961,26.31952535,NA,NA,NA,0.68645937,0.291838837,0.021701793,385.647497
196,PRN254,WW-E24-NIC03,WW,E,24,NIC,3,20.74529356,22.26092089,24.31419465,NA,NA,NA,0.697344909,0.243892443,0.058762648,385.7402361
197,PRN255,WW-E25-NIC03,WW,E,25,NIC,3,20.59282354,22.87334943,27.63695364,NA,NA,NA,0.824130638,0.169624805,0.006244557,374.2319074
198,PRN256,WW-E26-NIC03,WW,E,26,NIC,3,22.09575737,24.47015421,28.72484809,NA,NA,NA,0.831282947,0.160318707,0.008398345,373.7157212
199,PRN257,WW-E27-NIC03,WW,E,27,NIC,3,21.44129008,22.50574129,26.42510439,NA,NA,NA,0.662358211,0.316709567,0.020932222,387.5555808
200,PRN258,WW-E28-NIC03,WW,E,28,NIC,3,21.28681867,23.59759942,28.10516918,NA,NA,NA,0.826164896,0.166514638,0.007320466,374.0971404
201,PRN259,WW-E29-NIC04,WW,E,29,NIC,4,21.73285721,20.72741048,23.20952295,NA,NA,NA,0.297010589,0.596268075,0.106721336,419.0139076
202,PRN260,WW-E30-NIC03,WW,E,30,NIC,3,21.3228011,21.1349238,24.6254464,NA,NA,NA,0.446342481,0.508422693,0.045234826,405.468707
239,PRN298,WW-E21-NIC04,WW,E,21,NIC,4,24.44183152,26.64477708,30.61977528,NA,NA,NA,0.812343958,0.176436023,0.011220018,375.3042038
240,PRN299,WW-E22-NIC04,WW,E,22,NIC,4,22.16080826,23.68225239,27.93273942,NA,NA,NA,0.731722617,0.254886104,0.013391279,381.8103639
242,PRN300,WW-E23-NIC04,WW,E,23,NIC,4,22.68694459,24.06669978,26.40440704,NA,NA,NA,0.684788558,0.263153285,0.052058157,386.5704274
243,PRN301,WW-E24-NIC04,WW,E,24,NIC,4,22.88667414,23.59690397,28.112094,NA,NA,NA,0.61051838,0.373162729,0.01631889,391.5828207
244,PRN302,WW-E25-NIC04,WW,E,25,NIC,4,23.44095941,23.08008497,25.43628201,NA,NA,NA,0.394474845,0.50658619,0.098938965,411.0144254
246,PRN304,WW-E27-NIC04,WW,E,27,NIC,4,23.19188446,23.4148802,25.71464322,NA,NA,NA,0.492418145,0.421896225,0.085685629,402.8343747
247,PRN305,WW-E28-NIC04,WW,E,28,NIC,4,21.64231139,25.43064933,28.38085906,NA,NA,NA,0.924435642,0.066907273,0.008657086,366.2702329
248,PRN306,WW-E29-NIC05,WW,E,29,NIC,5,24.91220852,24.0278059,25.84066747,NA,NA,NA,0.29661098,0.547543892,0.155845128,420.3230949
271,PRN331,WW-L35-NIC04,WW,L,35,NIC,4,22.07982243,22.68575948,25.93275461,NA,NA,NA,0.579289774,0.38061915,0.040091076,394.699186
272,PRN332,WW-L40-NIC04,WW,L,40,NIC,4,27.7168574,30.55766996,28.18020675,NA,NA,NA,0.536226756,0.074847739,0.388925505,407.2139227
273,PRN333,WW-L43-NIC04,WW,L,43,NIC,4,23.57555263,24.66473194,27.66191595,NA,NA,NA,0.654066273,0.307429907,0.03850382,388.6757975
342,PRN4,WW-L38-NIC01,WW,L,38,NIC,1,26.68295784,32.64505576,28.67525106,0.027519468,0.000441438,0.006916717,0.789029341,0.012656769,0.19831389,382.0338138
361,PRN5,WW-L39-NIC01,WW,L,39,NIC,1,22.08669358,26.71192736,27.1442728,0.644510441,0.02611535,0.019352938,0.934101899,0.0378495,0.028048601,366.0011117
378,PRN66,WW-L43-NIC01,WW,L,43,NIC,1,27.60408121,34.07693461,29.34799748,NA,NA,NA,0.763465704,0.008595408,0.227938888,384.8491548
379,PRN67,WW-L44-NIC01,WW,L,44,NIC,1,24.42798723,27.68379362,26.11999782,NA,NA,NA,0.707120982,0.074028396,0.218850622,389.1204376
380,PRN68,WW-L45-NIC01,WW,L,45,NIC,1,23.11170855,23.36232821,25.82548916,NA,NA,NA,0.501764862,0.421751087,0.076484051,401.8473964
381,PRN69,WW-L46-NIC01,WW,L,46,NIC,1,23.08749601,25.07249806,28.23650917,NA,NA,NA,0.780764552,0.197230888,0.02200456,378.1109544
382,PRN7,WW-L41-NIC01,WW,L,41,NIC,1,24.71750634,28.11562084,31.89310827,0.067939606,0.006444491,0.00046995,0.907627692,0.086094091,0.006278217,367.5530183
385,PRN8,WW-L42-NIC01,WW,L,42,NIC,1,25.12083325,26.04917199,29.29128864,0.08535564,0.044851236,0.004740237,0.63251179,0.332361582,0.035126628,390.3123491
398,PRN91,WW-L37-NIC02,WW,L,37,NIC,2,21.15467592,20.97284141,22.13935774,0.071806912,0.081452401,0.036286701,0.378836308,0.429723629,0.191440063,414.670537
400,PRN93,WW-L39-NIC02,WW,L,39,NIC,2,21.0310802,21.43396869,22.50986152,0.086925635,0.065745549,0.031188202,0.472783235,0.357586034,0.169630731,406.5877402
439,PRX128,WW-E5-XIL01,WW,E,5,XIL,1,22.92865856,28.1955793,27.45657778,0.225307783,0.005851606,0.009766449,0.935174844,0.024287996,0.040537159,366.2399786
440,PRX129,WW-E10-XIL01,WW,E,10,XIL,1,23.95058806,31.19860812,28.78693572,0.20446896,0.001345104,0.007157176,0.960077803,0.006315896,0.033606301,364.0675396
448,PRX136,WW-E5-XIL02,WW,E,5,XIL,2,22.11342872,27.59018503,28.9174106,0.224579601,0.005043156,0.002009869,0.969550817,0.021772217,0.008676967,362.6615358
449,PRX137,WW-E15-XIL02,WW,E,15,XIL,2,20.33598884,25.41565742,27.21700922,0.233120301,0.006893622,0.001977819,0.9633399,0.028487015,0.008173085,363.1453082
450,PRX138,WW-E20-XIL02,WW,E,20,XIL,2,26.60270507,28.04328321,29.23383581,0.275910278,0.101650764,0.044536758,0.653664335,0.240822776,0.105512889,390.4501883
451,PRX139,WW-E21-XIL02,WW,E,21,XIL,2,20.52212041,24.58736438,34.15025764,0.215450914,0.012870279,1.70E-05,0.943560494,0.056364982,7.45E-05,364.5170981
453,PRX140,WW-E22-XIL02,WW,E,22,XIL,2,21.01731285,24.43049363,37.98493062,0.21751289,0.020418094,1.70E-06,0.914178282,0.085814585,7.13E-06,366.8659229
454,PRX141,WW-E23-XIL02,WW,E,23,XIL,2,22.01527231,25.35994618,34.75889159,0.198812016,0.019570209,2.90E-05,0.910264689,0.089602585,0.000132726,367.1822757
455,PRX142,WW-E24-XIL02,WW,E,24,XIL,2,21.65988979,24.33874443,36.01726755,0.153872571,0.024029548,7.33E-06,0.864892621,0.135066172,4.12E-05,370.8096616
456,PRX143,WW-E25-XIL02,WW,E,25,XIL,2,22.08446485,25.62224374,29.23384194,0.186957612,0.016097765,0.001316941,0.914789312,0.078766857,0.006443831,366.9843947
457,PRX144,WW-E26-XIL02,WW,E,26,XIL,2,21.62314357,25.34393923,29.56069161,0.165158427,0.012526497,0.000673691,0.925990747,0.070232082,0.003777171,366.0189467
458,PRX145,WW-E27-XIL02,WW,E,27,XIL,2,21.35375425,25.81608976,28.28900468,0.232236697,0.010534987,0.001897634,0.949186023,0.043058064,0.007755913,364.2667719
459,PRX146,WW-E28-XIL02,WW,E,28,XIL,2,21.46529345,25.43144867,27.21830193,0.147149552,0.00941515,0.002728543,0.92376517,0.059105772,0.017129057,366.5441419
460,PRX147,WW-E31-XIL02,WW,E,31,XIL,2,21.2193595,25.65408424,29.62621166,0.200040063,0.009249789,0.000589389,0.953119813,0.044071956,0.002808231,363.823429
461,PRX148,WW-E33-XIL02,WW,E,33,XIL,2,22.76984628,27.14560044,30.11485607,0.306682005,0.014772535,0.00188634,0.948478907,0.045687187,0.005833906,364.273369
462,PRX149,WW-E34-XIL02,WW,E,34,XIL,2,21.50416181,24.76224381,29.57396582,NA,NA,NA,0.902326246,0.094315524,0.003358231,367.9012144
464,PRX150,WW-E35-XIL02,WW,E,35,XIL,2,21.72669886,25.36678371,30.07938973,NA,NA,NA,0.923132193,0.07404388,0.002823927,366.2228466
465,PRX151,WW-E22-XIL01,WW,E,22,XIL,1,21.4571895,29.14565814,25.6053759,0.177525427,0.000860599,0.010012258,0.942287919,0.004567977,0.053144104,365.9987132
466,PRX152,WW-E23-XIL01,WW,E,23,XIL,1,23.37926503,29.82992524,27.77173797,0.216644625,0.002476884,0.010315299,0.944245289,0.010795496,0.044959215,365.6293165
467,PRX153,WW-E24-XIL01,WW,E,24,XIL,1,22.29639795,27.0115866,25.32320236,0.268363951,0.010216707,0.032927993,0.861497586,0.032797508,0.105704907,373.8285207
506,PRX198,WW-L47-XIL01,WW,L,47,XIL,1,24.7095545,23.28228971,33.8557325,NA,NA,NA,0.270919859,0.728601988,0.000478153,418.3388433
510,PRX200,WW-L49-XIL01,WW,L,49,XIL,1,21.26815451,22.31094836,26.34326831,NA,NA,NA,0.660043706,0.320376361,0.019579933,387.7055818
548,PRX235,WW-L35-XIL02,WW,L,35,XIL,2,23.73297193,26.44998775,29.45329714,NA,NA,NA,0.853930022,0.129873044,0.016196934,372.1067185
549,PRX236,WW-L36-XIL02,WW,L,36,XIL,2,22.11860828,24.6684697,28.05570874,NA,NA,NA,0.842394173,0.143856861,0.013748966,372.9659392
550,PRX237,WW-L37-XIL02,WW,L,37,XIL,2,27.82455563,33.90065323,29.20326936,NA,NA,NA,0.714600294,0.010591941,0.274807765,389.9769784
551,PRX238,WW-L38-XIL02,WW,L,38,XIL,2,22.61176328,26.13851092,29.78729166,NA,NA,NA,0.914342355,0.079332659,0.006324986,367.0170612
601,PRX283,WW-E5-XIL03,WW,E,5,XIL,3,24.33469633,29.09743633,32.4668487,NA,NA,NA,0.961168479,0.035405597,0.003425924,363.1955957
602,PRX284,WW-E15-XIL03,WW,E,15,XIL,3,24.09831637,27.81066781,31.35744532,NA,NA,NA,0.923515691,0.070455539,0.00602877,366.2754927
603,PRX285,WW-E20-XIL03,WW,E,20,XIL,3,22.94860024,25.98268521,30.53890162,NA,NA,NA,0.887098551,0.108298211,0.004603238,369.1518002
604,PRX286,WW-E21-XIL03,WW,E,21,XIL,3,22.85148178,26.13077934,31.42716313,NA,NA,NA,0.9044699,0.093159509,0.002370592,367.7040434
605,PRX287,WW-E22-XIL03,WW,E,22,XIL,3,23.00375017,23.93779672,30.45206345,NA,NA,NA,0.653973466,0.342282029,0.003744505,387.7794799
606,PRX288,WW-E23-XIL03,WW,E,23,XIL,3,24.38841929,26.33805525,31.16100851,NA,NA,NA,0.788626186,0.204160768,0.007213046,377.0974443
607,PRX289,WW-E24-XIL03,WW,E,24,XIL,3,23.12970085,27.06020561,32.2033975,NA,NA,NA,0.936820628,0.061440765,0.001738608,365.0995536
609,PRX290,WW-E25-XIL03,WW,E,25,XIL,3,23.25634133,25.34780722,33.22946439,NA,NA,NA,0.809299119,0.189895688,0.000805193,375.2770055
610,PRX291,WW-E26-XIL03,WW,E,26,XIL,3,22.41100043,23.8761664,30.19799777,NA,NA,NA,0.73167791,0.265009252,0.003312838,381.551901
611,PRX292,WW-E27-XIL03,WW,E,27,XIL,3,22.26753995,23.71511132,30.52258312,NA,NA,NA,0.729974219,0.267636364,0.002389417,381.6641873
612,PRX293,WW-E30-XIL03,WW,E,30,XIL,3,22.17262211,23.56346227,28.45044948,NA,NA,NA,0.717241433,0.273514757,0.00924381,382.8610244
692,PRX80,WW-L35-XIL01,WW,L,35,XIL,1,20.54414737,24.5034832,29.08812102,0.210122561,0.013508087,0.000562964,0.937237059,0.060251881,0.00251106,365.0863228
694,PRX82,WW-L37-XIL01,WW,L,37,XIL,1,23.02873712,24.4113318,28.26167842,0.041702235,0.015993991,0.001108886,0.70916002,0.271983008,0.018856972,383.7574797
695,PRX83,WW-L38-XIL01,WW,L,38,XIL,1,21.48146832,23.69415085,27.7073737,0.114733732,0.02475183,0.001532875,0.813608025,0.17552194,0.010870035,375.1939789
697,PRX85,WW-L40-XIL01,WW,L,40,XIL,1,21.1914206,22.45906753,27.84364869,0.127361826,0.052898034,0.001266249,0.701617124,0.291407302,0.006975575,384.0519951
698,PRX86,WW-L41-XIL01,WW,L,41,XIL,1,21.01703978,23.75643908,28.07569638,0.164544507,0.024640075,0.001234287,0.864118708,0.129399337,0.006481955,371.0390342
699,PRX87,WW-L42-XIL01,WW,L,42,XIL,1,22.93078581,24.68490908,31.17337114,0.087428187,0.025918374,0.00028866,0.769375785,0.228083985,0.00254023,378.5159832
36,PRN107,RW-L39-NIC02,RW,L,39,NIC,2,27.17343527,24.30805564,24.66629477,0.008505924,0.061985015,0.048355512,0.071570702,0.521555457,0.406873841,444.8530637
37,PRN108,RW-L40-NIC02,RW,L,40,NIC,2,26.92544657,24.10898884,23.65643202,0.007282716,0.051301683,0.070204473,0.056547709,0.398339406,0.545112886,449.6491183
38,PRN109,RW-L41-NIC02,RW,L,41,NIC,2,27.63931997,25.08830276,24.97325186,0.009376774,0.054952335,0.059514107,0.075714878,0.44372503,0.480560091,446.4373721
51,PRN120,RW-E27-NIC01,RW,E,27,NIC,1,23.07791572,23.32422335,24.47362277,0.097310076,0.082037388,0.03698351,0.449820357,0.379221647,0.170957996,408.4592794
52,PRN121,RW-E28-NIC01,RW,E,28,NIC,1,23.97337137,23.22662296,23.74990882,0.049298612,0.082723398,0.057557725,0.260041571,0.436351478,0.303606951,427.090455
53,PRN122,RW-E30-NIC01,RW,E,30,NIC,1,22.2326428,23.08801228,27.11614606,0.158579803,0.087650824,0.005372382,0.630277847,0.348369538,0.021352615,390.1329403
54,PRN123,RW-E31-NIC01,RW,E,31,NIC,1,23.09045456,23.38017841,25.26621808,0.100852276,0.082503075,0.022321102,0.4903443,0.401130386,0.108525314,403.5941141
82,PRN149,RW-E10-NIC02,RW,E,10,NIC,2,29.1414069,26.26746459,23.11371731,0.003718244,0.027257165,0.242579004,0.013592336,0.099640743,0.886766921,461.968553
84,PRN150,RW-E15-NIC02,RW,E,15,NIC,2,28.18781018,27.08453091,22.51250671,0.005510255,0.011838368,0.281584182,0.018433088,0.039602103,0.941964809,463.016438
85,PRN151,RW-E20-NIC02,RW,E,20,NIC,2,27.99868222,25.81048187,21.17634335,0.002235959,0.010190083,0.253041898,0.008422707,0.038385363,0.953191929,464.1091736
86,PRN152,RW-E21-NIC02,RW,E,21,NIC,2,27.67074915,25.25938396,22.51086269,0.002800444,0.014897729,0.100116908,0.023769823,0.126450105,0.849780072,460.1926961
87,PRN153,RW-E22-NIC02,RW,E,22,NIC,2,25.33100005,23.12941023,23.80944349,0.013040565,0.059984769,0.037439547,0.118051685,0.54302117,0.338927145,439.367971
88,PRN154,RW-E23-NIC02,RW,E,23,NIC,2,24.47894359,22.26327911,25.24635702,0.017598077,0.081742267,0.010338339,0.160451206,0.745288558,0.094260236,429.6146696
89,PRN155,RW-E24-NIC02,RW,E,24,NIC,2,24.46630921,22.62291975,24.06368247,0.019784681,0.070997749,0.026153619,0.169192319,0.607150232,0.223657449,432.2797082
90,PRN156,RW-E25-NIC02,RW,E,25,NIC,2,23.18951314,22.04210539,23.40781804,0.039876985,0.088333709,0.034277252,0.245415036,0.543632382,0.210952582,425.8515642
91,PRN157,RW-E26-NIC02,RW,E,26,NIC,2,22.68498466,21.91699483,24.25844021,0.04087213,0.069600963,0.013733144,0.32906665,0.560366089,0.110567261,416.5494168
92,PRN158,RW-E27-NIC02,RW,E,27,NIC,2,22.98976001,22.56060248,23.56990239,0.039977758,0.053827935,0.026741033,0.331637027,0.446531707,0.221831266,419.2366507
95,PRN160,RW-E30-NIC02,RW,E,30,NIC,2,23.26246266,22.44953619,23.28924473,0.038491371,0.067620539,0.037783412,0.267495637,0.469928685,0.262575678,425.4273167
96,PRN161,RW-E31-NIC02,RW,E,31,NIC,2,23.61689127,23.27822849,24.08353642,0.045824709,0.05794919,0.03316084,0.334646337,0.423188378,0.242165286,419.5245905
97,PRN162,RW-E32-NIC02,RW,E,32,NIC,2,24.06535194,25.31795495,26.48568249,0.078205968,0.032822285,0.014609919,0.622469801,0.261244531,0.116285668,393.2258433
98,PRN163,RW-E33-NIC02,RW,E,33,NIC,2,23.30645173,23.39278947,24.43505229,0.084368684,0.07946777,0.03858679,0.416793459,0.392582237,0.190624305,411.6127552
122,PRN185,RW-L35-NIC03,RW,L,35,NIC,3,21.92301065,22.59391587,23.18935537,NA,NA,NA,0.489278881,0.30732216,0.203398959,406.1460624
123,PRN186,RW-L36-NIC03,RW,L,36,NIC,3,24.82621983,24.96341986,22.34742932,NA,NA,NA,0.133625856,0.121503609,0.744870536,448.6765655
124,PRN187,RW-E32-NIC01,RW,E,32,NIC,1,23.07373347,25.87827222,24.750545,NA,NA,NA,0.686855925,0.098313999,0.214830076,390.6371079
125,PRN188,RW-E33-NIC01,RW,E,33,NIC,1,24.72262916,26.06327828,25.67791268,NA,NA,NA,0.523400398,0.206660963,0.269938639,405.1463728
126,PRN189,RW-E34-NIC01,RW,E,34,NIC,1,25.92002339,27.00960069,30.77245599,NA,NA,NA,0.664666172,0.31232599,0.023007838,387.42491
127,PRN190,RW-E35-NIC01,RW,E,35,NIC,1,24.34882358,25.62339317,26.84162322,NA,NA,NA,0.628531707,0.259802611,0.111665682,392.6207712
145,PRN207,RW-E5-NIC03,RW,E,5,NIC,3,29.70440798,25.32024516,24.25959512,0.005911503,0.123441849,0.257483791,0.015281632,0.319105471,0.665612897,456.0834048
146,PRN208,RW-E10-NIC03,RW,E,10,NIC,3,27.96465641,25.04993902,21.90674174,0.002616564,0.019730982,0.174319256,0.013304553,0.100326958,0.88636849,461.9812165
147,PRN209,RW-E15-NIC03,RW,E,15,NIC,3,26.95992499,24.09314539,21.42979252,NA,NA,NA,0.018347167,0.133830673,0.84782216,460.5756028
168,PRN229,RW-E21-NIC03,RW,E,21,NIC,3,27.69814534,25.38892665,22.51103098,NA,NA,NA,0.023591781,0.116924314,0.859483905,460.459239
170,PRN230,RW-E22-NIC03,RW,E,22,NIC,3,26.77159423,22.91938395,22.09599344,NA,NA,NA,0.024391252,0.352261305,0.623347442,454.2557333
203,PRN261,RW-L42-NIC03,RW,L,42,NIC,3,24.10413081,22.19432022,22.19944811,NA,NA,NA,0.117621278,0.441973438,0.440405284,442.0408351
204,PRN262,RW-L43-NIC03,RW,L,43,NIC,3,26.53578391,26.50711287,22.32787945,NA,NA,NA,0.048779963,0.049759076,0.901460961,459.535588
205,PRN263,RW-L44-NIC03,RW,L,44,NIC,3,27.53113106,28.45965032,24.65940034,NA,NA,NA,0.11306047,0.059401668,0.827537862,452.4711468
206,PRN264,RW-L45-NIC03,RW,L,45,NIC,3,26.13069134,25.08718108,23.06482747,NA,NA,NA,0.087451353,0.180257947,0.7322907,452.04345
207,PRN266,RW-L46-NIC03,RW,L,46,NIC,3,28.55495731,25.55848335,22.52360346,NA,NA,NA,0.013443282,0.107283727,0.879272991,461.7856352
208,PRN267,RW-L47-NIC03,RW,L,47,NIC,3,26.05448342,24.92688975,22.26576726,NA,NA,NA,0.058805432,0.128486341,0.812708226,456.4259793
209,PRN268,RW-L48-NIC03,RW,L,48,NIC,3,24.82595083,22.24552105,20.27078707,NA,NA,NA,0.032797052,0.196165025,0.771037923,457.4232218
220,PRN279,RW-E15-NIC04,RW,E,15,NIC,4,29.18849623,26.57178191,22.5003812,NA,NA,NA,0.00907039,0.05563338,0.935296231,463.5920708
221,PRN280,RW-E20-NIC04,RW,E,20,NIC,4,28.98015823,27.71886712,21.93034439,NA,NA,NA,0.007358681,0.017639507,0.975001811,464.7613526
222,PRN281,RW-E21-NIC04,RW,E,21,NIC,4,28.1600303,26.71680201,25.5059909,NA,NA,NA,0.099864601,0.271560487,0.628574911,448.3537796
223,PRN282,RW-E23-NIC04,RW,E,23,NIC,4,25.42131984,23.83802074,26.62934231,NA,NA,NA,0.225763978,0.676511479,0.097724543,424.4797199
224,PRN283,RW-E24-NIC04,RW,E,24,NIC,4,25.14645006,22.75266714,24.84658408,NA,NA,NA,0.133576162,0.701987569,0.164436269,433.58925
225,PRN284,RW-E25-NIC04,RW,E,25,NIC,4,26.58727853,25.29311919,28.33128753,NA,NA,NA,0.26660414,0.653804144,0.079591716,420.7410534
226,PRN285,RW-E26-NIC04,RW,E,26,NIC,4,23.25093154,23.95506063,28.20216306,NA,NA,NA,0.607482726,0.372880745,0.019636529,391.9119317
227,PRN286,RW-E27-NIC04,RW,E,27,NIC,4,23.58157047,22.90519938,26.24308148,NA,NA,NA,0.362822481,0.579831993,0.057345526,412.4651852
228,PRN287,RW-E28-NIC04,RW,E,28,NIC,4,23.8642012,23.73457829,27.9334045,NA,NA,NA,0.46434299,0.507994815,0.027662195,403.5717779
229,PRN288,RW-E29-NIC05,RW,E,29,NIC,5,21.69516342,22.92749164,24.5505887,NA,NA,NA,0.639465671,0.27217578,0.088358549,391.1400686
230,PRN289,RW-E30-NIC04,RW,E,30,NIC,4,22.68643174,23.55859958,26.58067784,NA,NA,NA,0.619740401,0.338579866,0.041679733,391.504441
231,PRN290,RW-E35-NIC04,RW,E,35,NIC,4,26.70594102,24.56215894,25.09698886,NA,NA,NA,0.118070829,0.521777469,0.360151702,439.918278
254,PRN312,RW-L35-NIC04,RW,L,35,NIC,4,29.91641834,31.40489195,22.03884301,NA,NA,NA,0.004227814,0.001506748,0.994265438,465.5126763
255,PRN313,RW-L36-NIC04,RW,L,36,NIC,4,27.37925277,32.83354577,23.8620426,NA,NA,NA,0.080177749,0.001828724,0.917993528,457.4536118
256,PRN314,RW-L37-NIC04,RW,L,37,NIC,4,26.31265492,28.37224228,22.14801165,NA,NA,NA,0.052153668,0.012510863,0.935335469,460.1464287
257,PRN315,RW-L38-NIC04,RW,L,38,NIC,4,27.28019198,26.37525304,21.43514264,NA,NA,NA,0.016568662,0.031024244,0.952407094,463.4370915
258,PRN316,RW-L39-NIC04,RW,L,39,NIC,4,25.76239939,22.76287917,20.76416588,NA,NA,NA,0.024415146,0.195256225,0.780328629,458.3353326
259,PRN317,RW-L42-NIC04,RW,L,42,NIC,4,26.67954216,27.67929739,22.38200302,NA,NA,NA,0.047248208,0.023628112,0.92912368,460.377359
260,PRN318,RW-L44-NIC04,RW,L,44,NIC,4,25.92876758,30.7091407,24.12286461,NA,NA,NA,0.220610889,0.008027702,0.771361409,442.4065255
261,PRN319,RW-L45-NIC04,RW,L,45,NIC,4,27.42707724,26.83423172,24.85055151,NA,NA,NA,0.118018701,0.177997996,0.703983303,448.8620698
275,PRN335,RW-L36-NIC05,RW,L,36,NIC,5,27.54638174,28.25138733,22.96989319,NA,NA,NA,0.039257431,0.024082083,0.936660487,461.2125782
276,PRN336,RW-L37-NIC05,RW,L,37,NIC,5,27.16326566,26.42127881,22.10690462,NA,NA,NA,0.027818466,0.046525759,0.925655775,461.8415729
277,PRN337,RW-L38-NIC05,RW,L,38,NIC,5,28.56911763,27.17906888,22.47517646,NA,NA,NA,0.013903002,0.036438036,0.949658962,463.5788929
278,PRN338,RW-L39-NIC05,RW,L,39,NIC,5,28.54341899,27.95303287,23.49187878,NA,NA,NA,0.028035145,0.042211107,0.929753747,461.9307858
279,PRN339,RW-L40-NIC05,RW,L,40,NIC,5,27.37433081,25.53778526,22.31315698,NA,NA,NA,0.026345188,0.094092846,0.879561966,460.7609961
281,PRN340,RW-L41-NIC05,RW,L,41,NIC,5,26.87520706,25.24808072,23.57559724,NA,NA,NA,0.071759367,0.221662605,0.706578028,452.6302794
282,PRN341,RW-L42-NIC05,RW,L,42,NIC,5,27.16508689,25.72483972,22.27175831,NA,NA,NA,0.029910585,0.081167562,0.888921854,460.7191214
284,PRN345,RW-L45-NIC05,RW,L,45,NIC,5,25.49306503,23.23233093,21.64756117,NA,NA,NA,0.049584752,0.23762762,0.712787628,454.5656982
296,PRN356,RW-E15-NIC05,RW,E,15,NIC,5,28.37863492,27.19332657,21.36418751,NA,NA,NA,0.007543619,0.017155094,0.975301288,464.754344
297,PRN357,RW-E20-NIC05,RW,E,20,NIC,5,30.04451755,26.12201022,24.27716324,NA,NA,NA,0.014157908,0.214679925,0.771162167,458.9175837
299,PRN360,RW-E23-NIC05,RW,E,23,NIC,5,29.56358654,27.24190507,30.30322971,NA,NA,NA,0.151560326,0.757672096,0.090767578,430.235131
300,PRN361,RW-E24-NIC05,RW,E,24,NIC,5,27.95781021,26.03261621,30.59728507,NA,NA,NA,0.201679351,0.765953807,0.032366842,424.7071898
301,PRN362,RW-E25-NIC05,RW,E,25,NIC,5,28.93169559,27.45704803,30.26509226,NA,NA,NA,0.23946416,0.665508598,0.095027243,423.3135756
302,PRN363,RW-E26-NIC05,RW,E,26,NIC,5,28.25903784,26.28135674,30.08348085,NA,NA,NA,0.191536201,0.754383536,0.054080263,426.0831908
303,PRN364,RW-E27-NIC05,RW,E,27,NIC,5,29.58471109,28.64267738,29.28822895,NA,NA,NA,0.240999821,0.463017199,0.295982979,428.4155718
304,PRN365,RW-E28-NIC05,RW,E,28,NIC,5,29.09767016,27.94431069,29.25271806,NA,NA,NA,0.242576255,0.539565391,0.217858354,426.2582168
305,PRN366,RW-E29-NIC06,RW,E,29,NIC,6,28.81820291,29.71919908,28.20420786,NA,NA,NA,0.326156972,0.174662549,0.499180479,426.8861347
306,PRN367,RW-E30-NIC05,RW,E,30,NIC,5,24.49713367,25.27784173,26.5349101,NA,NA,NA,0.547759163,0.318840225,0.133400612,399.6476829
307,PRN368,RW-E31-NIC05,RW,E,31,NIC,5,28.60972492,29.50266917,28.56790935,NA,NA,NA,0.389419856,0.209708043,0.400872101,419.2690862
322,PRN381,RW-E10-NIC06,RW,E,10,NIC,6,30.04284412,29.78178476,26.36634991,NA,NA,NA,0.066736214,0.079973898,0.853289889,456.84664
323,PRN382,RW-E15-NIC06,RW,E,15,NIC,6,28.98747334,29.30895687,24.93305437,NA,NA,NA,0.054302674,0.043455528,0.902241798,459.1140728
324,PRN383,RW-E20-NIC06,RW,E,20,NIC,6,30.25216052,29.25252036,24.5565275,NA,NA,NA,0.018239342,0.036469587,0.945291071,463.1184205
325,PRN384,RW-E21-NIC06,RW,E,21,NIC,6,31.08256988,28.35277886,26.65832245,NA,NA,NA,0.034360066,0.227930775,0.737709159,456.4316328
326,PRN385,RW-E22-NIC06,RW,E,22,NIC,6,29.9922411,30.01578576,29.14307886,NA,NA,NA,0.264182152,0.259905713,0.475912136,431.2391434
327,PRN386,RW-E23-NIC06,RW,E,23,NIC,6,30.18359194,29.7336282,29.98843261,NA,NA,NA,0.28483078,0.389080533,0.326088687,425.6918434
328,PRN387,RW-E24-NIC06,RW,E,24,NIC,6,27.03421369,25.80903126,28.71747892,NA,NA,NA,0.274030621,0.640642518,0.085326862,420.2960487
329,PRN388,RW-E25-NIC06,RW,E,25,NIC,6,27.9782368,27.12895885,28.86191037,NA,NA,NA,0.299080213,0.538822618,0.16209717,420.2881094
330,PRN389,RW-E26-NIC06,RW,E,26,NIC,6,28.05052034,27.38328665,28.49903226,NA,NA,NA,0.301130137,0.478202208,0.220667655,421.6469481
331,PRN39,RW-L35-NIC02,RW,L,35,NIC,2,27.88201136,26.81048667,21.55048306,0.002320741,0.004877392,0.186898816,0.011956606,0.02512864,0.962914755,464.0792552
332,PRN390,RW-E27-NIC06,RW,E,27,NIC,6,29.39424826,29.62990193,29.95926103,NA,NA,NA,0.396000469,0.336323238,0.267676292,415.2795461
333,PRN391,RW-E28-NIC06,RW,E,28,NIC,6,27.51122977,27.4184581,29.98144489,NA,NA,NA,0.445061353,0.474620989,0.080317658,406.4833509
335,PRN393,RW-E30-NIC06,RW,E,30,NIC,6,27.69343819,27.15916524,28.24544784,NA,NA,NA,0.319460088,0.462645976,0.217893935,420.1084353
343,PRN40,RW-L36-NIC02,RW,L,36,NIC,2,28.25691529,26.49092266,23.02088642,0.00313084,0.010648236,0.117994746,0.023759198,0.080806916,0.895433886,461.3805452
352,PRN41,RW-L38-NIC02,RW,L,38,NIC,2,29.06189078,24.31578953,26.16557315,0.002211779,0.059355452,0.016467219,0.028343626,0.760631385,0.21102499,443.2191597
362,PRN50,RW-E15-NIC01,RW,E,15,NIC,1,27.99792278,27.66514514,22.77191139,0.010101784,0.012722549,0.378080489,0.025197462,0.031734587,0.943067951,462.5039698
363,PRN51,RW-E20-NIC01,RW,E,20,NIC,1,30.02340664,27.4988402,22.19848387,0.002194608,0.012627783,0.497614886,0.004282685,0.024642593,0.971074721,464.9053279
364,PRN52,RW-E21-NIC01,RW,E,21,NIC,1,28.53607873,27.44900077,24.38286852,0.00740221,0.015725501,0.131705003,0.047807793,0.101564461,0.850627746,458.291698
365,PRN53,RW-E23-NIC01,RW,E,23,NIC,1,25.45772668,24.8504301,28.5225034,0.055562574,0.084644129,0.006640375,0.378370304,0.576410034,0.045219663,410.906087
366,PRN54,RW-E24-NIC01,RW,E,24,NIC,1,26.52077041,26.24153826,30.71677941,0.070848737,0.085978402,0.003865517,0.440895927,0.535048732,0.024055341,405.3537647
368,PRN56,RW-E26-NIC01,RW,E,26,NIC,1,24.18713943,25.29616774,25.54415658,0.145447196,0.067430218,0.056780928,0.539375844,0.250057972,0.210566184,402.3246533
383,PRN78,RW-L35-NIC01,RW,L,35,NIC,1,30.12851159,28.39545306,23.09200457,0.001339664,0.004453471,0.175871598,0.007374378,0.02451478,0.968110841,464.5809316
384,PRN79,RW-L36-NIC01,RW,L,36,NIC,1,30.07447896,27.48578644,24.87499952,0.002670243,0.016062933,0.098118299,0.022851596,0.137464526,0.839683877,460.0036531
386,PRN80,RW-L37-NIC01,RW,L,37,NIC,1,27.67890924,26.4689726,24.5954395,0.008188746,0.01894282,0.069411959,0.084819218,0.196210158,0.718970624,451.9076988
387,PRN81,RW-L38-NIC01,RW,L,38,NIC,1,26.14615544,23.83701431,24.12253541,0.011557336,0.057276764,0.046992447,0.099781407,0.494504634,0.405713959,442.5660504
388,PRN82,RW-L39-NIC01,RW,L,39,NIC,1,27.81262222,25.73425515,24.37247832,0.009660584,0.04079944,0.104855176,0.06219986,0.262688005,0.675112135,452.5769267
389,PRN83,RW-L40-NIC01,RW,L,40,NIC,1,27.37037483,25.25971823,25.21849065,0.01293433,0.055861795,0.057481173,0.102427992,0.442374011,0.455197997,443.6409086
390,PRN84,RW-L41-NIC01,RW,L,41,NIC,1,27.24166255,26.16550772,25.13762167,0.021050964,0.044384044,0.090500588,0.134997809,0.284630611,0.58037158,444.2898363
391,PRN85,RW-L42-NIC01,RW,L,42,NIC,1,23.9557591,22.77669743,22.3464852,0.02146939,0.048613024,0.065502733,0.15834618,0.358542398,0.483111422,439.8932026
392,PRN86,RW-L43-NIC01,RW,L,43,NIC,1,23.58134249,21.68138514,20.76842037,0.048092812,0.179483415,0.337951288,0.085040623,0.317373443,0.597585934,448.7339844
393,PRN87,RW-L44-NIC01,RW,L,44,NIC,1,24.55442034,23.77170597,23.54483907,NA,NA,NA,0.21125163,0.36342983,0.425318539,434.1581516
394,PRN88,RW-L45-NIC01,RW,L,45,NIC,1,24.87390917,31.66783201,22.52565931,NA,NA,NA,0.163905578,0.001477132,0.834617291,448.5876034
408,PRX10,RW-E10-XIL02,RW,E,10,XIL,2,26.97637714,22.42319921,24.82159277,0.006526359,0.153219524,0.029062014,0.034566135,0.811510146,0.15392372,441.2367259
419,PRX11,RW-E15-XIL02,RW,E,15,XIL,2,25.59839304,21.32979199,21.8695924,0.005667447,0.109235657,0.075139502,0.029821981,0.574795618,0.395382401,447.8941839
430,PRX12,RW-E20-XIL02,RW,E,20,XIL,2,27.01423504,22.38666749,21.65824647,0.00275365,0.068068375,0.112777369,0.014998143,0.370744007,0.614257849,454.7708526
441,PRX13,RW-E21-XIL02,RW,E,21,XIL,2,25.54122833,22.59364668,27.40360061,0.01395172,0.107631214,0.003837053,0.111240004,0.858166361,0.030593635,431.8962341
445,PRX133,RW-L41-XIL01,RW,L,41,XIL,1,23.02088289,21.85085818,24.86950666,0.040676599,0.091528674,0.011294147,0.283461768,0.637833058,0.078705175,419.3693931
446,PRX134,RW-L42-XIL01,RW,L,42,XIL,1,23.0669745,22.54192404,26.81770487,0.06177419,0.088892066,0.00458907,0.397887736,0.572554049,0.029558215,408.9374948
447,PRX135,RW-L43-XIL01,RW,L,43,XIL,1,21.80705264,21.82675205,25.6549377,0.081128633,0.080028383,0.00563437,0.486407812,0.479811249,0.033780939,401.9656795
452,PRX14,RW-E22-XIL02,RW,E,22,XIL,2,25.01008068,23.4192278,29.52995748,0.0229816,0.06922687,0.001001756,0.246556639,0.74269609,0.010747271,420.5548979
463,PRX15,RW-E23-XIL02,RW,E,23,XIL,2,24.74642789,23.29564645,29.15228389,0.02622203,0.071679512,0.001237005,0.264498833,0.723023628,0.012477539,419.1645094
468,PRX16,RW-E24-XIL02,RW,E,24,XIL,2,27.31228866,27.78333742,31.45874309,0.059255632,0.042749381,0.003345973,0.562459205,0.405780548,0.031760247,395.82903
487,PRX178,RW-L35-XIL02,RW,L,35,XIL,2,28.4480932,22.59285979,21.21656156,0.001322589,0.076564204,0.198761755,0.004780755,0.276756213,0.718463032,458.2975784
488,PRX179,RW-L36-XIL02,RW,L,36,XIL,2,26.29452774,23.17667579,25.70366356,0.006634617,0.057594738,0.009992719,0.089388729,0.775978557,0.134632715,436.3493523
490,PRX180,RW-L37-XIL02,RW,L,37,XIL,2,28.22154341,23.67330327,20.07905316,0.000569714,0.013329499,0.160987042,0.003257628,0.076218105,0.920524267,463.6730207
491,PRX181,RW-L38-XIL02,RW,L,38,XIL,2,23.45445341,23.26968581,28.25644912,0.048702323,0.055356709,0.001745842,0.460303208,0.523196211,0.016500582,403.6047585
492,PRX182,RW-L39-XIL02,RW,L,39,XIL,2,23.53270113,23.52060705,28.54132627,0.081798145,0.08248674,0.002540955,0.490320594,0.494448219,0.015231186,401.1703633
493,PRX183,RW-L40-XIL02,RW,L,40,XIL,2,23.02429305,23.48767113,28.02528805,0.060123534,0.043606758,0.001877565,0.56930929,0.412912061,0.017778649,394.9175017
518,PRX208,RW-E10-XIL03,RW,E,10,XIL,3,28.68222983,31.80847252,23.30802246,0.003569927,0.000408852,0.148066561,0.02347936,0.002689016,0.973831624,463.4412734
519,PRX209,RW-E20-XIL03,RW,E,20,XIL,3,26.13012874,22.01000341,24.10096524,0.013570287,0.235977356,0.055389584,0.044501902,0.773855521,0.181642577,441.1625548
521,PRX210,RW-E21-XIL03,RW,E,21,XIL,3,25.61610634,22.92000772,25.08579872,0.012932532,0.083808897,0.018677643,0.112048486,0.726126934,0.16182458,435.2435602
522,PRX211,RW-E22-XIL03,RW,E,22,XIL,3,25.47523862,24.22543941,28.36595399,0.044040447,0.104731848,0.005938266,0.28466348,0.676953449,0.038383071,418.2248814
527,PRX216,RW-E27-XIL03,RW,E,27,XIL,3,23.3660945,24.16471652,28.09198503,0.088287108,0.050756084,0.00333628,0.620083126,0.356484564,0.02343231,391.00259
528,PRX217,RW-E28-XIL03,RW,E,28,XIL,3,19.48507479,21.05901724,24.25498288,0.130977816,0.043994041,0.004800786,0.728574793,0.244720444,0.026704763,382.4083404
529,PRX218,RW-E30-XIL03,RW,E,30,XIL,3,27.01470425,29.10754108,30.39927425,0.249408538,0.058466171,0.023881094,0.751783496,0.17623255,0.071983954,381.7289031
552,PRX239,RW-L35-XIL03,RW,L,35,XIL,3,28.19571963,23.34707449,21.33687671,NA,NA,NA,0.006854843,0.197508195,0.795636962,460.1381736
554,PRX240,RW-L36-XIL03,RW,L,36,XIL,3,28.11311568,27.69209182,27.22169599,NA,NA,NA,0.238442794,0.319245668,0.442311538,432.4246765
555,PRX241,RW-L37-XIL03,RW,L,37,XIL,3,25.81225951,22.93102014,26.12557708,NA,NA,NA,0.109020142,0.80324165,0.087738208,433.559582
556,PRX242,RW-L38-XIL03,RW,L,38,XIL,3,24.15071852,23.14194111,26.94541032,NA,NA,NA,0.316824482,0.637515858,0.04565966,415.8411926
557,PRX243,RW-L39-XIL03,RW,L,39,XIL,3,23.31683814,24.18769134,28.55316704,NA,NA,NA,0.635585851,0.347553194,0.016860954,389.5915167
558,PRX244,RW-L40-XIL03,RW,L,40,XIL,3,21.83896753,22.65449623,26.69076508,NA,NA,NA,0.623896058,0.354497879,0.021606063,390.650073
559,PRX245,RW-L41-XIL03,RW,L,41,XIL,3,24.0359159,26.62432456,29.26825181,NA,NA,NA,0.838313784,0.139385616,0.0223006,373.5147129
560,PRX246,RW-L42-XIL03,RW,L,42,XIL,3,23.58109954,25.42459,28.30907146,NA,NA,NA,0.759658308,0.211676364,0.028665329,379.9726339
561,PRX247,RW-L43-XIL03,RW,L,43,XIL,3,21.71174909,23.58390789,27.10559295,NA,NA,NA,0.771040513,0.210620793,0.018338694,378.793565
569,PRX254,RW-L41-XIL02,RW,L,41,XIL,2,23.15635321,25.33570133,29.71631957,NA,NA,NA,0.812100821,0.179291951,0.008607228,375.2557223
570,PRX255,RW-L43-XIL02,RW,L,43,XIL,2,22.28970592,25.42591899,34.04371993,NA,NA,NA,0.897643844,0.102096264,0.000259892,368.1952497
571,PRX256,RW-L44-XIL02,RW,L,44,XIL,2,21.28733915,24.14454398,33.47343426,NA,NA,NA,0.878564888,0.121246576,0.000188536,369.7197109
572,PRX257,RW-L45-XIL02,RW,L,45,XIL,2,23.75769799,26.1211835,29.6683313,NA,NA,NA,0.825801618,0.160470681,0.013727701,374.2927908
573,PRX258,RW-L46-XIL02,RW,L,46,XIL,2,29.39864133,30.73466952,35.36984902,NA,NA,NA,0.708190405,0.280521064,0.011288531,383.6382694
574,PRX259,RW-L47-XIL02,RW,L,47,XIL,2,24.90105982,27.06147986,29.49887556,NA,NA,NA,0.790521189,0.176832579,0.032646232,377.6071069
575,PRX26,RW-L39-XIL01,RW,L,39,XIL,1,28.00426437,30.63807044,29.37619515,0.321692273,0.051830572,0.12429347,0.646206771,0.104115856,0.249677373,394.79507
586,PRX27,RW-L40-XIL01,RW,L,40,XIL,1,23.02848069,22.27991868,27.54063269,0.052058598,0.087464554,0.002281389,0.367115168,0.616796567,0.016088266,411.0490815
588,PRX271,RW-E31-XIL03,RW,E,31,XIL,3,22.00779102,23.08533947,27.30359367,0.077234111,0.036596095,0.001966137,0.666982299,0.316038437,0.016979264,387.0828769
589,PRX272,RW-E32-XIL03,RW,E,32,XIL,3,22.074026,24.50342866,29.47391106,0.120783753,0.022422573,0.00071519,0.83923347,0.155797228,0.004969302,372.9905243
590,PRX273,RW-E33-XIL03,RW,E,33,XIL,3,22.84432431,24.18406369,28.28361891,0.101773679,0.040209969,0.00234555,0.705149622,0.278598991,0.016251388,384.0105664
591,PRX274,RW-E34-XIL03,RW,E,34,XIL,3,22.38346943,23.8971671,29.18174728,0.110701342,0.03876899,0.000994643,0.735728312,0.257661224,0.006610464,381.3136071
592,PRX275,RW-E35-XIL03,RW,E,35,XIL,3,23.14396465,24.76280444,28.55191225,0.107750589,0.03508329,0.002537846,0.741207335,0.241335035,0.017457629,381.1573115
608,PRX29,RW-E26-XIL02,RW,E,26,XIL,2,27.92422248,30.57840478,28.94966816,0.244049755,0.038769472,0.11989152,0.606017487,0.096271263,0.29771125,399.2590935
613,PRX294,RW-L44-XIL03,RW,L,44,XIL,3,22.95457902,24.15775119,29.54420451,NA,NA,NA,0.692184123,0.300628893,0.007186984,384.8121318
615,PRX296,RW-E5-XIL04,RW,E,5,XIL,4,28.75345782,23.51543051,24.30467265,NA,NA,NA,0.016507541,0.622996685,0.360495774,448.0522868
616,PRX297,RW-E10-XIL04,RW,E,10,XIL,4,29.19884695,24.16873165,22.96476753,NA,NA,NA,0.009178608,0.299911008,0.690910384,457.2293814
617,PRX298,RW-E15-XIL04,RW,E,15,XIL,4,29.35124524,24.23294456,22.45687841,NA,NA,NA,0.006464233,0.224532414,0.769003352,459.4769485
619,PRX30,RW-E27-XIL02,RW,E,27,XIL,2,22.07902517,22.62434693,27.09116621,0.091810711,0.06291224,0.002845041,0.582673613,0.399270428,0.018055959,393.8555659
620,PRX301,RW-E22-XIL04,RW,E,22,XIL,4,25.58503806,23.27887367,27.63478932,NA,NA,NA,0.161624252,0.799339334,0.039036414,428.0850066
621,PRX302,RW-E23-XIL04,RW,E,23,XIL,4,25.20612193,24.05131466,29.17255893,NA,NA,NA,0.303903628,0.676655338,0.019441035,416.1931767
622,PRX303,RW-E24-XIL04,RW,E,24,XIL,4,23.26184801,23.00931369,28.97294736,NA,NA,NA,0.452409428,0.538954437,0.008636135,404.0317853
623,PRX304,RW-E25-XIL04,RW,E,25,XIL,4,22.29879817,21.8361641,27.17853503,NA,NA,NA,0.414589876,0.571327891,0.014082233,407.198948
624,PRX305,RW-E26-XIL04,RW,E,26,XIL,4,22.55302912,23.83201139,28.81305767,NA,NA,NA,0.701688355,0.289156022,0.009155623,384.1029778
625,PRX306,RW-E27-XIL04,RW,E,27,XIL,4,23.2964208,27.01298503,30.77673024,NA,NA,NA,0.924497828,0.070324812,0.00517736,366.1747851
626,PRX307,RW-E28-XIL04,RW,E,28,XIL,4,23.97208298,23.55902177,28.88183985,NA,NA,NA,0.422873162,0.563059043,0.014067795,406.5359097
627,PRX308,RW-E29-XIL05,RW,E,29,XIL,5,22.92489599,22.38168268,27.09436969,NA,NA,NA,0.397964413,0.579919535,0.022116051,408.7378643
628,PRX309,RW-E30-XIL04,RW,E,30,XIL,4,20.96646217,23.45659835,27.13188432,NA,NA,NA,0.83898123,0.149329827,0.011688943,373.1854141
629,PRX31,RW-E30-XIL02,RW,E,30,XIL,2,23.04130361,23.48231256,26.02424065,0.072367452,0.05330726,0.009153554,0.536737986,0.395371545,0.067890469,398.8261133
638,PRX32,RW-E31-XIL02,RW,E,31,XIL,2,22.55106647,24.82188202,28.68067743,0.127430814,0.026405285,0.001820026,0.818668803,0.169638586,0.01169261,374.8105036
657,PRX34,RW-E28-XIL02,RW,E,28,XIL,2,22.15143684,23.32403285,27.19741878,0.102600252,0.045515766,0.003105679,0.678475738,0.300987007,0.020537255,386.2559096
658,PRX35,RW-E32-XIL02,RW,E,32,XIL,2,21.32951447,23.07154695,27.95788624,0.113421795,0.033907244,0.001146457,0.763909186,0.22836929,0.007721524,379.0880247
659,PRX36,RW-E33-XIL02,RW,E,33,XIL,2,21.86581527,23.10085978,27.3105187,0.088013517,0.037390729,0.002020833,0.690707967,0.293433047,0.015858986,385.1556963
660,PRX37,RW-E34-XIL02,RW,E,34,XIL,2,21.81141494,24.12947416,28.55526673,0.187412692,0.03758319,0.001748628,0.826536846,0.165751269,0.007711885,374.0775613
661,PRX38,RW-E35-XIL02,RW,E,35,XIL,2,22.18549559,23.13864771,27.63127869,0.10310704,0.053255068,0.002365616,0.649584318,0.335512073,0.01490361,388.4207484
663,PRX49,RW-L44-XIL01,RW,L,44,XIL,1,22.37602276,22.94807923,27.11717194,0.111855779,0.075240604,0.004182446,0.58477867,0.393355629,0.021865701,393.7862146
664,PRX5,RW-L35-XIL01,RW,L,35,XIL,1,27.26878394,23.06912772,22.46263207,0.004757125,0.0874112,0.13308848,0.021118675,0.388051316,0.590830009,453.6720862
665,PRX50,RW-L45-XIL01,RW,L,45,XIL,1,21.89717876,21.70676711,25.48058878,0.075554962,0.086214955,0.006303026,0.449536734,0.512961538,0.037501728,405.0121062
666,PRX51,RW-L46-XIL01,RW,L,46,XIL,1,21.9304351,21.63638477,25.57670802,NA,NA,NA,0.433661926,0.531703187,0.034634887,406.207553
667,PRX52,RW-L47-XIL01,RW,L,47,XIL,1,24.16332637,24.06502533,28.28298127,NA,NA,NA,0.469916521,0.503051302,0.027032177,403.1095149
668,PRX53,RW-L48-XIL01,RW,L,48,XIL,1,21.69513688,23.45761746,27.74636027,NA,NA,NA,0.763463151,0.225023854,0.011512995,379.2222858
669,PRX54,RW-L49-XIL01,RW,L,49,XIL,1,22.66245743,22.44252114,27.10150073,NA,NA,NA,0.4523283,0.526818698,0.020853001,404.355914
670,PRX55,RW-L50-XIL01,RW,L,50,XIL,1,22.85200503,23.22105323,27.8801063,NA,NA,NA,0.554034929,0.428985456,0.016979615,396.1186757
671,PRX57,RW-L55-XIL01,RW,L,55,XIL,1,22.88207181,22.54859025,27.9878437,NA,NA,NA,0.43685456,0.550458807,0.012686633,405.3814877
672,PRX58,RW-L57-XIL01,RW,L,57,XIL,1,20.78204237,22.03308829,26.31083551,NA,NA,NA,0.693575573,0.29140127,0.015023157,384.9045563
674,PRX6,RW-L36-XIL01,RW,L,36,XIL,1,27.34139251,23.83481803,26.44911544,0.006847629,0.077825928,0.012709907,0.070316135,0.799169849,0.130514016,437.7680736
675,PRX60,RW-E10-XIL01,RW,E,10,XIL,1,25.24584696,21.50993713,22.48782078,0.01366769,0.182102553,0.092457836,0.047419703,0.631800183,0.320780114,444.5467067
676,PRX61,RW-E15-XIL01,RW,E,15,XIL,1,24.10891804,21.27556065,21.88588779,0.020161213,0.143695185,0.094127265,0.078149184,0.556993352,0.364857464,443.2343593
677,PRX62,RW-E20-XIL01,RW,E,20,XIL,1,26.7627474,23.57080105,21.71634442,0.005166893,0.047217291,0.170745055,0.023156504,0.211614089,0.765229407,458.0434443
678,PRX63,RW-E21-XIL01,RW,E,21,XIL,1,25.85153777,23.15276656,25.15620809,0.01267776,0.082310189,0.020528518,0.109748505,0.712540742,0.177710752,435.8405991
679,PRX64,RW-E22-XIL01,RW,E,22,XIL,1,22.33709794,22.04255636,27.27918494,0.057215955,0.070175094,0.001861233,0.44266882,0.542931179,0.0144,404.9608944
680,PRX65,RW-E23-XIL01,RW,E,23,XIL,1,22.51128737,23.27643432,27.97747347,0.090833033,0.05344556,0.002054745,0.620726859,0.365231607,0.014041534,390.7069312
681,PRX66,RW-E24-XIL01,RW,E,24,XIL,1,23.06789723,23.36657723,28.07200917,0.077813066,0.063261705,0.002424738,0.54225319,0.440849626,0.016897184,397.0590715
682,PRX67,RW-E25-XIL01,RW,E,25,XIL,1,22.27499261,27.2082522,23.45596922,0.108210421,0.003541685,0.047726513,0.678526197,0.022207901,0.299265902,393.4988177
683,PRX68,RW-E26-XIL01,RW,E,26,XIL,1,22.66088131,27.54661254,23.19798634,0.076475524,0.002586847,0.052703291,0.580390388,0.019632182,0.399977431,403.9681822
684,PRX69,RW-E27-XIL01,RW,E,27,XIL,1,22.14757762,27.93187654,24.09441418,0.128548135,0.002332482,0.033343377,0.782760984,0.014203053,0.203035963,382.6580563
685,PRX7,RW-L37-XIL01,RW,L,37,XIL,1,26.77910297,26.26489083,27.24762828,0.039458269,0.056354852,0.028516608,0.317367935,0.453269321,0.229362743,420.5739965
686,PRX70,RW-E28-XIL01,RW,E,28,XIL,1,22.11204818,27.7795394,23.85476737,0.11875401,0.002336487,0.035484405,0.758448563,0.014922489,0.226628948,385.2164676
687,PRX71,RW-E30-XIL01,RW,E,30,XIL,1,20.80532702,27.1654407,23.84859006,0.157307588,0.001914982,0.019082541,0.882238243,0.010739916,0.107021841,372.2035084
688,PRX72,RW-E31-XIL01,RW,E,31,XIL,1,20.90479608,25.82234496,22.38766872,0.119461354,0.003952735,0.042740371,0.718977715,0.023789522,0.257232763,389.1698346
689,PRX73,RW-E34-XIL01,RW,E,34,XIL,1,24.41917105,27.28315348,25.30272715,0.108497221,0.01490301,0.05880872,0.595454946,0.081790769,0.322754285,400.7552157
690,PRX74,RW-E35-XIL01,RW,E,35,XIL,1,21.41688472,26.55643858,22.21653793,0.102236614,0.002900324,0.058733632,0.623886362,0.017698873,0.358414765,399.4078749
691,PRX8,RW-L38-XIL01,RW,L,38,XIL,1,24.23408552,23.72276698,28.94766284,0.04972233,0.070871837,0.001895062,0.405932266,0.578596483,0.01547125,407.9276712
29,PRN10,WR-L36-NIC02,WR,L,36,NIC,2,25.35226909,22.65413699,20.59177612,0.006378993,0.041397187,0.172903312,0.028906144,0.187589641,0.783504215,458.0586181
30,PRN100,WR-E23-NIC01,WR,E,23,NIC,1,26.91631114,24.20386183,20.59996032,0.003963957,0.025981103,0.315893024,0.011461888,0.075125048,0.913413064,462.8317886
31,PRN101,WR-E24-NIC01,WR,E,24,NIC,1,26.37694164,27.1085141,20.94128072,0.006565778,0.003954221,0.284173244,0.022280043,0.013418092,0.964301865,463.289445
32,PRN102,WR-E25-NIC01,WR,E,25,NIC,1,24.15872647,25.79996082,19.39697722,0.013389613,0.00429247,0.363243115,0.035150243,0.011268538,0.953581219,461.9810923
33,PRN103,WR-E26-NIC01,WR,E,26,NIC,1,27.02367996,26.57293601,20.44362461,0.003070887,0.004197119,0.293804123,0.010199839,0.013940577,0.975859584,464.5563621
34,PRN105,WR-E28-NIC01,WR,E,28,NIC,1,28.36626094,29.00012435,22.79016236,0.007195834,0.004637343,0.34328442,0.020263244,0.013058613,0.966678143,463.5125722
35,PRN106,WR-E30-NIC01,WR,E,30,NIC,1,27.14360303,26.05533843,21.69037494,0.004705507,0.010004762,0.206153962,0.021304977,0.045298243,0.93339678,462.5639181
39,PRN11,WR-L37-NIC02,WR,L,37,NIC,2,26.46470748,25.50383881,19.8951663,0.002505983,0.00487785,0.238016545,0.010211816,0.019877111,0.969911074,464.4007427
55,PRN124,WR-E31-NIC01,WR,E,31,NIC,1,31.25751584,28.30380047,25.97604623,0.002653432,0.020557241,0.103202134,0.020990212,0.162619924,0.816389863,459.5469195
56,PRN125,WR-E32-NIC01,WR,E,32,NIC,1,30.81526962,28.14376854,22.69141019,0.000720422,0.00458975,0.200961316,0.003492592,0.022251016,0.974256391,465.0512588
57,PRN126,WR-L35-NIC01,WR,L,35,NIC,1,22.06725521,22.22784452,24.45229079,0.07734674,0.069199,0.014807262,0.479363503,0.428867135,0.091769362,404.0369232
58,PRN127,WR-L36-NIC01,WR,L,36,NIC,1,27.11080527,28.11964375,25.12108323,0.021085674,0.010478445,0.083743963,0.182863801,0.090873467,0.726262732,444.2537269
59,PRN128,WR-L37-NIC01,WR,L,37,NIC,1,28.87178048,25.22097479,23.77310112,0.009432617,0.118477054,0.323212128,0.020909248,0.262627641,0.716463112,456.9553011
61,PRN13,WR-L39-NIC02,WR,L,39,NIC,2,28.11199894,26.15421751,19.05837537,0.000701145,0.002723695,0.372580267,0.001864721,0.007243772,0.990891507,465.6140015
62,PRN130,WR-L40-NIC01,WR,L,40,NIC,1,28.14722166,26.10180543,21.7658588,0.002713672,0.011201832,0.226224198,0.011300391,0.046647148,0.942052462,463.5893327
63,PRN131,WR-L42-NIC01,WR,L,42,NIC,1,28.66060778,24.90935359,21.4200021,0.001634711,0.022013088,0.2472182,0.006035128,0.081269293,0.912695579,463.2472749
64,PRN132,WR-L43-NIC01,WR,L,43,NIC,1,29.70483632,26.63043401,20.644349,0.000685636,0.005775388,0.366076883,0.001840447,0.015502819,0.982656733,465.4018393
65,PRN133,WR-L46-NIC01,WR,L,46,NIC,1,30.4795374,34.3777518,27.06831019,0.047366471,0.003176812,0.503909724,0.085429189,0.005729633,0.908841178,456.7955355
72,PRN14,WR-L40-NIC02,WR,L,40,NIC,2,29.99912383,28.86116359,21.96425601,0.000952865,0.002096966,0.249900718,0.003767,0.008290025,0.987942975,465.3851573
83,PRN15,WR-L41-NIC02,WR,L,41,NIC,2,27.13329752,27.50885656,20.83129763,0.003063308,0.002361218,0.241702759,0.012395667,0.009554663,0.97804967,464.437638
94,PRN16,WR-L42-NIC02,WR,L,42,NIC,2,27.41682931,27.03065039,20.42979593,0.001860778,0.002431902,0.236048494,0.007742236,0.01011854,0.982139223,464.9162409
99,PRN164,WR-E20-NIC02,WR,E,20,NIC,2,22.41306717,24.5095021,26.25143592,0.183886073,0.042999068,0.012855374,0.767021265,0.179356702,0.053622033,380.0324716
100,PRN165,WR-E21-NIC02,WR,E,21,NIC,2,23.40635535,23.84308234,27.03473732,0.100982843,0.074607016,0.008165744,0.549549734,0.406012196,0.044438071,397.1914112
101,PRN166,WR-E22-NIC02,WR,E,22,NIC,2,23.24525208,23.25265318,25.81693138,0.058577084,0.05827735,0.009853151,0.462301321,0.459935765,0.077762914,405.0377301
102,PRN167,WR-E23-NIC02,WR,E,23,NIC,2,27.70831402,25.20199088,21.61774483,0.005333608,0.030303972,0.363467124,0.013363932,0.07592988,0.910706187,462.6092463
103,PRN168,WR-E24-NIC02,WR,E,24,NIC,2,26.13583639,23.64230659,23.97231974,0.013901375,0.078286167,0.062278935,0.089996066,0.506816551,0.403187383,443.2831867
104,PRN169,WR-E25-NIC02,WR,E,25,NIC,2,26.87025971,26.44700101,21.09375054,0.006241779,0.008369932,0.342145551,0.01749587,0.02346114,0.95904299,463.5354481
105,PRN17,WR-L43-NIC02,WR,L,43,NIC,2,30.75636576,32.58017538,19.43888123,8.92E-05,2.52E-05,0.227642122,0.000391633,0.000110626,0.999497741,465.9556106
107,PRN171,WR-E29-NIC02,WR,E,29,NIC,2,30.39802329,27.37266792,26.6797711,NA,NA,NA,0.044836325,0.36505031,0.590113364,451.7560415
116,PRN18,WR-L44-NIC02,WR,L,44,NIC,2,27.31390986,32.09149802,20.05736844,0.001852497,6.75E-05,0.283265759,0.006495754,0.000236828,0.993267419,465.3052926
158,PRN22,WR-L48-NIC02,WR,L,48,NIC,2,25.94116535,27.08125917,20.3365267,NA,NA,NA,0.019954957,0.009054164,0.970990879,463.6493663
164,PRN225,WR-L46-NIC03,WR,L,46,NIC,3,28.93312878,27.10664007,20.377535,NA,NA,NA,0.00262599,0.009313673,0.988060337,465.4794895
165,PRN226,WR-L47-NIC03,WR,L,47,NIC,3,29.80789597,27.98183224,20.67884668,NA,NA,NA,0.001771621,0.006281605,0.991946774,465.6488865
166,PRN227,WR-L48-NIC03,WR,L,48,NIC,3,28.48299863,24.91302462,20.0722218,NA,NA,NA,0.002831235,0.033623676,0.963545089,464.8256735
167,PRN228,WR-L49-NIC03,WR,L,49,NIC,3,30.94720407,27.54569462,21.26862243,NA,NA,NA,0.001203287,0.012715275,0.986081437,465.5418544
169,PRN23,WR-L49-NIC02,WR,L,49,NIC,2,25.71672548,26.53288806,19.61975629,NA,NA,NA,0.014282143,0.008111552,0.977606305,464.2751925
177,PRN237,WR-E5-NIC03,WR,E,5,NIC,3,26.81551303,32.0327799,33.33420407,NA,NA,NA,0.963588522,0.025902268,0.01050921,363.1861577
178,PRN238,WR-E15-NIC03,WR,E,15,NIC,3,21.26529268,23.68154478,27.66308672,NA,NA,NA,0.833887961,0.156222415,0.009889624,373.5460933
179,PRN239,WR-E20-NIC03,WR,E,20,NIC,3,23.70570208,24.28084139,26.4192178,NA,NA,NA,0.548341969,0.368058881,0.08359915,398.3062204
180,PRN24,WR-L50-NIC02,WR,L,50,NIC,2,26.27751606,26.77205316,19.56082736,NA,NA,NA,0.009355609,0.006640512,0.98400388,464.8356522
181,PRN240,WR-E21-NIC03,WR,E,21,NIC,3,23.13544848,24.2524082,27.15227499,NA,NA,NA,0.656667928,0.302766225,0.040565846,388.5212777
182,PRN241,WR-E22-NIC03,WR,E,22,NIC,3,27.37948999,23.81132007,20.86709477,NA,NA,NA,0.009601372,0.113883148,0.87651548,462.0212927
183,PRN242,WR-E23-NIC03,WR,E,23,NIC,3,28.1346202,26.19116536,20.5010216,NA,NA,NA,0.004915713,0.018907091,0.976177196,464.9873501
184,PRN243,WR-E24-NIC03,WR,E,24,NIC,3,29.34984948,29.96743559,22.198287,NA,NA,NA,0.006952626,0.004531447,0.988515927,465.1452041
185,PRN244,WR-E25-NIC03,WR,E,25,NIC,3,29.80153788,28.36752718,21.70382146,NA,NA,NA,0.00360176,0.009731842,0.986666398,465.3651855
186,PRN245,WR-E26-NIC03,WR,E,26,NIC,3,28.61442977,26.11113723,20.86309325,NA,NA,NA,0.00450169,0.02552359,0.96997472,464.8592075
187,PRN246,WR-E27-NIC03,WR,E,27,NIC,3,28.88638971,26.06113011,21.09470041,NA,NA,NA,0.004354106,0.03085936,0.964786533,464.7361213
188,PRN247,WR-E28-NIC03,WR,E,28,NIC,3,26.19831708,24.89742029,20.08937054,NA,NA,NA,0.013796146,0.033991219,0.952212634,463.6538368
232,PRN291,WR-E15-NIC04,WR,E,15,NIC,4,32.55586999,35.74623039,34.26366203,NA,NA,NA,0.706376034,0.077382326,0.21624164,389.1122
233,PRN292,WR-E20-NIC04,WR,E,20,NIC,4,24.24509223,27.45713933,29.88083246,NA,NA,NA,0.8865038,0.095666102,0.017830099,369.5432786
234,PRN293,WR-E21-NIC04,WR,E,21,NIC,4,23.21088103,24.31415978,27.86009017,NA,NA,NA,0.664315289,0.309210511,0.0264742,387.5431061
235,PRN294,WR-E22-NIC04,WR,E,22,NIC,4,25.07174935,22.71539794,23.03959501,NA,NA,NA,0.09793467,0.501497672,0.400567658,442.5799855
236,PRN295,WR-E23-NIC04,WR,E,23,NIC,4,27.96676909,27.53388198,23.16324888,NA,NA,NA,0.033029891,0.044588119,0.92238199,461.3395404
237,PRN296,WR-E24-NIC04,WR,E,24,NIC,4,28.72753113,25.63713598,22.99794668,NA,NA,NA,0.01597994,0.136105845,0.847914216,460.7673744
238,PRN297,WR-E25-NIC04,WR,E,25,NIC,4,29.3985453,27.01490197,22.41229312,NA,NA,NA,0.007518538,0.039235714,0.953245748,464.1829064
262,PRN320,WR-L35-NIC04,WR,L,35,NIC,4,24.39243174,25.37377746,28.28525916,NA,NA,NA,0.635393949,0.32183152,0.042774531,390.2806219
263,PRN321,WR-L36-NIC04,WR,L,36,NIC,4,27.99340505,31.52589867,24.91570646,NA,NA,NA,0.104941864,0.009069059,0.885989076,454.6403668
264,PRN322,WR-L37-NIC04,WR,L,37,NIC,4,28.00027841,31.36522121,21.67255502,NA,NA,NA,0.012282135,0.001192134,0.986525731,464.6670982
265,PRN323,WR-L38-NIC04,WR,L,38,NIC,4,30.66734809,27.90752616,20.69054999,NA,NA,NA,0.000984798,0.006670162,0.99234504,465.7221872
266,PRN326,WR-L41-NIC04,WR,L,41,NIC,4,29.50202558,30.5964063,24.31026981,NA,NA,NA,0.026303863,0.012319075,0.961377061,462.8914945
267,PRN327,WR-L42-NIC04,WR,L,42,NIC,4,27.78881225,29.53615706,24.01584297,NA,NA,NA,0.066808683,0.019898929,0.913292387,458.4009074
268,PRN328,WR-L43-NIC04,WR,L,43,NIC,4,27.51420304,30.3754275,24.28854131,NA,NA,NA,0.095309541,0.013116622,0.891573837,455.5561565
269,PRN329,WR-L44-NIC04,WR,L,44,NIC,4,28.16610803,29.86125631,25.45877429,NA,NA,NA,0.127551705,0.039390889,0.833057406,451.4553562
270,PRN330,WR-L45-NIC04,WR,L,45,NIC,4,28.48135154,28.83952227,24.66761549,NA,NA,NA,0.063122494,0.049245212,0.887632294,458.0286401
283,PRN344,WR-L45-NIC05,WR,L,45,NIC,5,29.92210482,28.56459177,22.0614506,NA,NA,NA,0.004237419,0.010858093,0.984904488,465.2685232
285,PRN346,WR-L35-NIC05,WR,L,35,NIC,5,23.10304734,23.31829569,27.53343121,NA,NA,NA,0.52417031,0.451519185,0.024310505,398.6984483
286,PRN347,WR-L36-NIC05,WR,L,36,NIC,5,25.32213456,23.06026179,21.72951048,NA,NA,NA,0.055990937,0.268540184,0.675468879,453.0829159
287,PRN348,WR-L37-NIC05,WR,L,37,NIC,5,29.39327912,25.1201256,22.33246978,NA,NA,NA,0.006500022,0.12567885,0.867821128,462.0433476
288,PRN349,WR-L38-NIC05,WR,L,38,NIC,5,29.07118796,26.33702824,21.45513488,NA,NA,NA,0.004905898,0.032642438,0.962451664,464.6312714
290,PRN350,WR-L39-NIC05,WR,L,39,NIC,5,28.74971183,26.94204435,21.04408742,NA,NA,NA,0.00468934,0.016416248,0.978894412,465.0761075
291,PRN351,WR-L40-NIC05,WR,L,40,NIC,5,29.74253288,27.31392353,21.18824842,NA,NA,NA,0.002615717,0.014082344,0.98330194,465.3565931
292,PRN352,WR-L41-NIC05,WR,L,41,NIC,5,29.87965337,27.72994595,21.57125149,NA,NA,NA,0.003101245,0.013761394,0.983137361,465.3134718
293,PRN353,WR-L42-NIC05,WR,L,42,NIC,5,28.99436018,27.00683723,20.6642116,NA,NA,NA,0.003060031,0.012134721,0.984805249,465.360134
294,PRN354,WR-L43-NIC05,WR,L,43,NIC,5,29.12695333,26.93215761,21.49407822,NA,NA,NA,0.004900478,0.022435605,0.972663917,464.8972236
295,PRN355,WR-L44-NIC05,WR,L,44,NIC,5,28.96904256,27.40809018,21.27599552,NA,NA,NA,0.004741868,0.013990812,0.981267321,465.1336009
308,PRN369,WR-E15-NIC05,WR,E,15,NIC,5,26.40376978,27.66331858,30.46635759,NA,NA,NA,0.676809272,0.282686019,0.040504708,386.9083806
310,PRN370,WR-E20-NIC05,WR,E,20,NIC,5,24.40380203,26.03616649,29.90261484,NA,NA,NA,0.743674452,0.239878981,0.016446567,380.9336546
311,PRN371,WR-E21-NIC05,WR,E,21,NIC,5,27.04903332,24.28186796,25.95382557,NA,NA,NA,0.100561854,0.684593936,0.21484421,437.5410011
312,PRN372,WR-E22-NIC05,WR,E,22,NIC,5,30.91804419,29.28863073,28.08804736,NA,NA,NA,0.089249077,0.276125209,0.634625714,449.3603424
313,PRN373,WR-E23-NIC05,WR,E,23,NIC,5,31.11771798,32.79330303,27.50806826,NA,NA,NA,0.073963684,0.023153528,0.902882788,457.5578577
314,PRN374,WR-E24-NIC05,WR,E,24,NIC,5,30.78637241,29.89789285,24.40197306,NA,NA,NA,0.011575218,0.021428322,0.96699646,464.2158905
315,PRN375,WR-E25-NIC05,WR,E,25,NIC,5,31.5792535,32.71959741,27.918594,NA,NA,NA,0.070921522,0.032173649,0.896904828,457.6458038
316,PRN376,WR-E26-NIC05,WR,E,26,NIC,5,32.19075022,29.54429559,25.45121856,NA,NA,NA,0.008762873,0.054866687,0.93637044,463.6446016
317,PRN377,WR-E27-NIC05,WR,E,27,NIC,5,33.86524813,33.87292548,29.16583579,NA,NA,NA,0.035744689,0.035554978,0.928700333,461.2866335
318,PRN378,WR-E28-NIC05,WR,E,28,NIC,5,32.28867273,30.01578634,25.76603491,NA,NA,NA,0.01022767,0.049429213,0.940343117,463.6307074
319,PRN379,WR-E29-NIC06,WR,E,29,NIC,6,29.79122109,29.21302756,25.1128853,NA,NA,NA,0.03559015,0.053135335,0.911274515,460.8459254
321,PRN380,WR-E30-NIC05,WR,E,30,NIC,5,30.71718015,30.22482028,26.00503381,NA,NA,NA,0.034942338,0.049154927,0.915902735,461.018084
336,PRN394,WR-E5-NIC06,WR,E,5,NIC,6,26.69204294,31.48102493,31.63807268,NA,NA,NA,0.935792292,0.033849498,0.030358209,365.9259301
337,PRN395,WR-E10-NIC06,WR,E,10,NIC,6,26.64972579,30.16203708,32.24799108,NA,NA,NA,0.90229954,0.079075088,0.018625372,368.3002965
338,PRN396,WR-E15-NIC06,WR,E,15,NIC,6,23.71387376,25.16352088,29.16982949,NA,NA,NA,0.719997838,0.263599102,0.01640306,382.8266525
339,PRN397,WR-E20-NIC06,WR,E,20,NIC,6,23.65475302,23.26355193,26.32759569,NA,NA,NA,0.405136781,0.531330732,0.063532487,409.2409022
340,PRN398,WR-E21-NIC06,WR,E,21,NIC,6,26.23669549,23.18444295,23.09244907,NA,NA,NA,0.055138079,0.457373712,0.48748821,448.2636471
341,PRN399,WR-E22-NIC06,WR,E,22,NIC,6,32.23550196,31.25606497,26.29929679,NA,NA,NA,0.015575517,0.030710182,0.953714301,463.5505304
344,PRN400,WR-E23-NIC06,WR,E,23,NIC,6,29.41783198,30.61506218,24.1749775,NA,NA,NA,0.025443528,0.011096222,0.96346025,463.0144842
345,PRN401,WR-E24-NIC06,WR,E,24,NIC,6,30.44039539,28.10555352,22.19551122,NA,NA,NA,0.003232017,0.016305384,0.9804626,465.2334663
346,PRN402,WR-E25-NIC06,WR,E,25,NIC,6,30.1292177,26.143525,22.03751759,NA,NA,NA,0.003452536,0.054695459,0.941852005,464.2119492
347,PRN403,WR-E26-NIC06,WR,E,26,NIC,6,31.06270069,27.61215159,22.15194625,NA,NA,NA,0.002027494,0.02216554,0.975806966,465.2087816
348,PRN404,WR-E27-NIC06,WR,E,27,NIC,6,30.15307545,27.50451833,21.69425874,NA,NA,NA,0.002784581,0.017460435,0.979754984,465.2508631
349,PRN405,WR-E28-NIC06,WR,E,28,NIC,6,30.72761337,26.48738526,22.65925581,NA,NA,NA,0.003468361,0.065548114,0.930983524,463.9281027
350,PRN406,WR-E29-NIC07,WR,E,29,NIC,7,30.85830587,28.10839784,23.02263209,NA,NA,NA,0.00423429,0.028482978,0.967282732,464.8106078
351,PRN407,WR-E30-NIC06,WR,E,30,NIC,6,31.11833547,30.57911627,23.19824482,NA,NA,NA,0.004087319,0.005939634,0.989973047,465.4123137
396,PRN9,WR-L35-NIC02,WR,L,35,NIC,2,22.7870142,23.09203293,24.31726778,0.073365462,0.059384331,0.025400334,0.463897585,0.375493413,0.160609001,407.0640272
401,PRN94,WR-E5-NIC01,WR,E,5,NIC,1,23.08291456,25.47560488,30.04491031,0.801713324,0.152667835,0.006430571,0.834412507,0.158894641,0.006692853,373.4210136
402,PRN95,WR-E10-NIC01,WR,E,10,NIC,1,22.07852485,27.3518683,27.81055122,0.231797585,0.005993415,0.00436111,0.957239584,0.024750621,0.018009795,363.8890879
403,PRN96,WR-E15-NIC01,WR,E,15,NIC,1,22.3215231,24.98994325,26.8992019,0.193985727,0.030513728,0.008123649,0.833905678,0.131172387,0.034921935,374.1955161
404,PRN97,WR-E20-NIC01,WR,E,20,NIC,1,20.99119489,22.98170768,25.51826261,0.133454186,0.033583669,0.005788273,0.772187557,0.194320555,0.033491887,379.0957845
405,PRN98,WR-E21-NIC01,WR,E,21,NIC,1,23.06259661,21.825046,20.53383204,0.035674876,0.084120593,0.205871609,0.109544005,0.258302417,0.632153578,447.6724726
406,PRN99,WR-E22-NIC01,WR,E,22,NIC,1,25.32236327,22.69271064,22.75963652,0.016981137,0.105092343,0.100328513,0.076353347,0.472533279,0.451113374,445.6206799
407,PRX1,WR-L35-XIL01,WR,L,35,XIL,1,23.15508083,25.98668478,30.78303515,0.149765653,0.021038487,0.000757128,0.872957254,0.122629584,0.004413163,370.2781619
409,PRX100,WR-E26-XIL02,WR,E,26,XIL,2,27.39159295,23.55815491,20.36042105,0.00175531,0.02502267,0.22958709,0.006846915,0.097605615,0.89554747,462.736481
410,PRX101,WR-E27-XIL02,WR,E,27,XIL,2,25.71085716,21.883374,19.67219589,0.002657934,0.037733879,0.174727955,0.012355602,0.175408702,0.812235696,460.12968
411,PRX102,WR-E28-XIL02,WR,E,28,XIL,2,27.30574009,23.97541296,20.95882353,0.002912774,0.02929781,0.237093183,0.010815943,0.108790942,0.880393116,462.0249456
412,PRX103,WR-E30-XIL02,WR,E,30,XIL,2,24.66222135,20.506626,20.20358963,0.00488624,0.087083054,0.107437697,0.024503855,0.436710136,0.538786008,452.0481278
427,PRX117,WR-E15-XIL01,WR,E,15,XIL,1,22.25080622,25.66765814,29.36164073,0.233450557,0.021858482,0.001688964,0.908374984,0.08505312,0.006571896,367.5008706
428,PRX118,WR-E20-XIL01,WR,E,20,XIL,1,21.07876122,24.798907,27.57513824,0.256165005,0.019437676,0.002837367,0.92000058,0.069809196,0.010190225,366.6648995
429,PRX119,WR-E21-XIL01,WR,E,21,XIL,1,22.85341597,22.55414509,25.82359578,0.090580024,0.111460746,0.011558972,0.424064295,0.521820601,0.054115104,407.4818491
431,PRX120,WR-E22-XIL01,WR,E,22,XIL,1,22.65084342,20.99030524,21.37593989,0.026944063,0.08517946,0.065199954,0.15194865,0.480362002,0.367689348,437.4040311
432,PRX121,WR-E23-XIL01,WR,E,23,XIL,1,24.93213707,22.10597162,23.38881121,0.018459188,0.130910103,0.053802192,0.090855211,0.644333059,0.26481173,439.6166881
433,PRX122,WR-E24-XIL01,WR,E,24,XIL,1,28.40426846,24.87692067,23.49465637,0.006063429,0.069912654,0.182246337,0.02348142,0.270745872,0.705772708,456.4715768
434,PRX123,WR-E25-XIL01,WR,E,25,XIL,1,26.54951405,23.06855849,24.23993884,0.014596244,0.162972055,0.072358994,0.05840196,0.652077862,0.289520178,442.8553678
435,PRX124,WR-E26-XIL01,WR,E,26,XIL,1,26.20506642,22.26439878,23.21129594,0.009522684,0.146223959,0.075853232,0.041116965,0.631364586,0.327518449,445.2261225
494,PRX184,WR-L41-XIL01,WR,L,41,XIL,1,29.36086013,28.70279426,22.04632725,0.001592368,0.002512702,0.253476184,0.006182002,0.009754987,0.984063012,465.0910782
495,PRX185,WR-L42-XIL01,WR,L,42,XIL,1,26.0287352,21.3201201,21.98614953,0.004339672,0.113472675,0.071514887,0.022921541,0.599346816,0.377731642,447.9872994
496,PRX186,WR-L43-XIL01,WR,L,43,XIL,1,24.7754275,26.20880343,21.64099049,0.013189055,0.004883425,0.115817249,0.098506848,0.036473486,0.865019666,454.6099635
497,PRX187,WR-L44-XIL01,WR,L,44,XIL,1,27.38832608,27.06411293,19.929143,0.001231841,0.001542242,0.216766595,0.00561099,0.007024855,0.987364154,465.2225888
498,PRX188,WR-L45-XIL01,WR,L,45,XIL,1,30.34242343,22.81388634,21.20632427,0.000315208,0.058198632,0.177352443,0.001336384,0.246744176,0.751919439,459.4429947
499,PRX189,WR-L46-XIL01,WR,L,46,XIL,1,27.04543977,21.17119372,19.46302699,0.001158092,0.06793089,0.221961027,0.003979014,0.233399374,0.762621612,459.5098408
501,PRX190,WR-L47-XIL01,WR,L,47,XIL,1,27.10585881,22.44437293,19.56361038,0.001111737,0.028135149,0.207226436,0.004701322,0.118978111,0.876320568,462.408229
502,PRX191,WR-L48-XIL01,WR,L,48,XIL,1,31.09751501,24.14197508,21.1399715,0.000209122,0.025955243,0.207930511,0.00089332,0.110874887,0.888231793,463.022561
503,PRX192,WR-L49-XIL01,WR,L,49,XIL,1,29.25273033,23.26783028,20.51255408,NA,NA,NA,0.002032723,0.128739757,0.86922752,462.4372977
504,PRX193,WR-L50-XIL01,WR,L,50,XIL,1,29.50431421,22.7299629,21.46566836,NA,NA,NA,0.00267797,0.293149185,0.704172845,458.0942563
508,PRX2,WR-L36-XIL01,WR,L,36,XIL,1,19.1568513,21.21505486,24.89490442,0.194181764,0.046625922,0.003638165,0.794375373,0.190741312,0.014883315,376.8369363
530,PRX219,WR-E20-XIL03,WR,E,20,XIL,3,22.53526856,26.06379889,30.67060602,0.204800264,0.017747494,0.000728366,0.917251069,0.079486753,0.003262178,366.7047311
532,PRX220,WR-E21-XIL03,WR,E,21,XIL,3,26.76909382,22.0819833,20.4075298,0.002269435,0.058462658,0.186611879,0.009175217,0.236361766,0.754463017,458.882021
533,PRX221,WR-E22-XIL03,WR,E,22,XIL,3,28.49122732,24.85216608,21.49404766,0.001955564,0.024363444,0.249823365,0.007081725,0.088227836,0.90469044,462.9554135
534,PRX222,WR-E23-XIL03,WR,E,23,XIL,3,26.15387748,24.27483168,20.47167849,0.004008298,0.01474379,0.20581278,0.017849177,0.065654929,0.916495894,462.4009591
535,PRX223,WR-E24-XIL03,WR,E,24,XIL,3,28.12175255,24.5979837,21.63541343,0.002254928,0.025935388,0.202169328,0.009788727,0.112586509,0.877624764,462.0351457
536,PRX224,WR-L35-XIL02,WR,L,35,XIL,2,29.7710374,33.8228529,30.78995597,NA,NA,NA,0.64359125,0.038805397,0.317603353,396.7703872
537,PRX225,WR-L36-XIL02,WR,L,36,XIL,2,30.29242705,32.34681804,30.32595707,NA,NA,NA,0.450901967,0.108554747,0.440543286,415.3819681
538,PRX226,WR-L37-XIL02,WR,L,37,XIL,2,32.76072242,33.14676363,28.58053899,NA,NA,NA,0.050267237,0.038465823,0.91126694,459.6715615
539,PRX227,WR-L38-XIL02,WR,L,38,XIL,2,31.91810201,35.0893588,30.08606997,NA,NA,NA,0.214069019,0.0237635,0.762167482,442.690833
540,PRX228,WR-L39-XIL02,WR,L,39,XIL,2,33.42110642,35.72227045,29.01817259,NA,NA,NA,0.044726714,0.00907502,0.946198266,461.0230178
546,PRX233,WR-L44-XIL02,WR,L,44,XIL,2,30.64811029,26.60614125,23.7283779,NA,NA,NA,0.007217861,0.11889468,0.87388746,462.1436451
562,PRX248,WR-L35-XIL03,WR,L,35,XIL,3,29.77114558,30.68998904,30.06281257,NA,NA,NA,0.426277373,0.225472113,0.348250514,414.9523235
563,PRX249,WR-L36-XIL03,WR,L,36,XIL,3,25.90938068,26.47038174,28.08710761,NA,NA,NA,0.526633051,0.356968557,0.116398393,400.8957142
565,PRX250,WR-L37-XIL03,WR,L,37,XIL,3,24.13918994,21.67268561,23.16225126,NA,NA,NA,0.117711954,0.650597446,0.2316906,436.6069993
566,PRX251,WR-L38-XIL03,WR,L,38,XIL,3,29.07175123,24.88002014,25.67435678,NA,NA,NA,0.033544496,0.612996608,0.353458895,446.5063716
567,PRX252,WR-L40-XIL03,WR,L,40,XIL,3,28.41147918,23.30543472,21.90828,NA,NA,NA,0.007926987,0.273011328,0.719061685,458.0614449
568,PRX253,WR-L42-XIL03,WR,L,42,XIL,3,29.09406425,26.48224449,24.78307642,NA,NA,NA,0.037089716,0.226719878,0.736190407,456.1737733
576,PRX260,WR-E31-XIL02,WR,E,31,XIL,2,27.86390304,23.28220197,22.94664128,NA,NA,NA,0.018128341,0.434097735,0.547773924,452.7918547
577,PRX261,WR-E32-XIL02,WR,E,32,XIL,2,36.01638297,22.78276443,21.77642941,NA,NA,NA,3.45E-05,0.33234678,0.667618715,457.3553262
578,PRX262,WR-E33-XIL02,WR,E,33,XIL,2,26.95471899,20.85812466,22.10898113,NA,NA,NA,0.010184678,0.69695553,0.292859792,446.7995804
579,PRX263,WR-E34-XIL02,WR,E,34,XIL,2,29.81280727,22.32111841,20.64220282,NA,NA,NA,0.001320566,0.237674888,0.761004546,459.6804729
580,PRX264,WR-E35-XIL02,WR,E,35,XIL,2,34.1324895,28.80555999,22.13711042,NA,NA,NA,0.000242481,0.009732909,0.990024611,465.7212414
593,PRX276,WR-E25-XIL03,WR,E,25,XIL,3,27.29846757,23.30582349,20.79347115,0.002442722,0.038884775,0.22185693,0.009281406,0.147747248,0.842971346,461.1747425
594,PRX277,WR-E26-XIL03,WR,E,26,XIL,3,27.80298612,23.91215988,20.06379041,0.001160324,0.017212133,0.247918725,0.00435735,0.06463651,0.931006139,463.8575716
595,PRX278,WR-E27-XIL03,WR,E,27,XIL,3,29.27484297,26.07273585,22.18627237,0.00118224,0.010880174,0.160908102,0.00683492,0.062901898,0.930263182,463.6400491
596,PRX279,WR-E28-XIL03,WR,E,28,XIL,3,28.23865485,24.91002408,20.60026526,0.001104422,0.011095654,0.220049092,0.004755334,0.047774784,0.947469882,464.2537902
597,PRX28,WR-L40-XIL01,WR,L,40,XIL,1,30.77136938,27.38089244,26.13272641,0.007733221,0.081095296,0.192633173,0.027475216,0.288121968,0.684402816,455.5964559
598,PRX280,WR-E30-XIL03,WR,E,30,XIL,3,28.68101967,24.83085778,20.87506608,0.000801578,0.011560055,0.179379109,0.004180529,0.06029003,0.935529441,463.9893231
599,PRX281,WR-E31-XIL03,WR,E,31,XIL,3,25.59810176,21.75882435,17.98272389,NA,NA,NA,0.004730279,0.067705577,0.927564143,463.7382454
600,PRX282,WR-E32-XIL03,WR,E,32,XIL,3,26.05527774,21.73287428,19.1902376,NA,NA,NA,0.007268732,0.145422553,0.847308715,461.448528
614,PRX295,WR-L44-XIL03,WR,L,44,XIL,3,29.06830862,23.48936703,21.98030095,NA,NA,NA,0.005409749,0.25858651,0.736003741,458.7033174
618,PRX3,WR-L37-XIL01,WR,L,37,XIL,1,22.05740422,20.61093606,21.49541758,0.032503703,0.088585603,0.04798524,0.192244804,0.523944051,0.283811145,431.9995054
630,PRX310,WR-E5-XIL04,WR,E,5,XIL,4,23.36328315,27.10480744,30.81704754,NA,NA,NA,0.925525236,0.0691954,0.005279364,366.0952446
631,PRX311,WR-E10-XIL04,WR,E,10,XIL,4,22.94411532,26.22392995,30.82291087,NA,NA,NA,0.903170455,0.092992332,0.003837213,367.8461312
632,PRX312,WR-E15-XIL04,WR,E,15,XIL,4,20.7693201,24.30949962,26.08339022,NA,NA,NA,0.900011263,0.077365568,0.022623169,368.5873014
633,PRX313,WR-E16-XIL04,WR,E,16,XIL,4,22.56623381,26.14190855,27.34720541,NA,NA,NA,0.8926619,0.074868934,0.032469167,369.4312464
634,PRX314,WR-E17-XIL04,WR,E,17,XIL,4,22.1807313,24.45306292,30.18698757,NA,NA,NA,0.825842646,0.170945365,0.003211989,374.0161
635,PRX315,WR-E20-XIL04,WR,E,20,XIL,4,22.91865273,25.23740647,30.48401188,NA,NA,NA,0.829379866,0.166241351,0.004378783,373.7634591
636,PRX316,WR-E21-XIL04,WR,E,21,XIL,4,26.41932876,25.60576511,26.74576222,NA,NA,NA,0.281289754,0.494380094,0.224330152,423.3294036
637,PRX319,WR-E24-XIL05,WR,E,24,XIL,5,30.56671743,24.48415392,20.53776177,NA,NA,NA,0.000898046,0.060860065,0.93824189,464.3224455
639,PRX320,WR-E25-XIL06,WR,E,25,XIL,6,29.8091767,23.59771048,21.43984259,NA,NA,NA,0.002464311,0.182613604,0.814922085,460.9908294
640,PRX321,WR-E26-XIL07,WR,E,26,XIL,7,28.67912335,23.74323169,20.00172425,NA,NA,NA,0.00226748,0.069405669,0.928326851,463.9550997
641,PRX322,WR-E27-XIL08,WR,E,27,XIL,8,29.70761385,22.11232755,19.20908914,NA,NA,NA,0.000609365,0.117838248,0.881552387,462.8716129
642,PRX323,WR-E28-XIL04,WR,E,28,XIL,4,30.88848337,25.34131223,21.48141326,NA,NA,NA,0.001376148,0.064347265,0.934276587,464.1810994
643,PRX324,WR-E30-XIL04,WR,E,30,XIL,4,29.20154879,24.23738129,20.73223133,NA,NA,NA,0.002586417,0.080734993,0.916678591,463.62673
644,PRX325,WR-E5-XIL05,WR,E,5,XIL,5,23.65408183,31.05807836,31.34928167,NA,NA,NA,0.989384327,0.00584171,0.004773963,360.9733769
645,PRX326,WR-E10-XIL05,WR,E,10,XIL,5,24.14835337,27.88379708,30.51917169,NA,NA,NA,0.919825563,0.069059729,0.011114708,366.7029374
646,PRX327,WR-E15-XIL05,WR,E,15,XIL,5,22.54634935,26.10280864,30.72331306,NA,NA,NA,0.918736441,0.078089028,0.003174531,366.5836226
647,PRX328,WR-E20-XIL05,WR,E,20,XIL,5,22.15594288,25.36772431,26.20266527,NA,NA,NA,0.85584042,0.092374105,0.051785475,372.8791888
648,PRX329,WR-E21-XIL05,WR,E,21,XIL,5,21.44801147,30.73759026,24.44689116,NA,NA,NA,0.887551615,0.001418247,0.111030138,371.8826544
650,PRX330,WR-E22-XIL05,WR,E,22,XIL,5,28.89246655,30.79940695,23.76703071,NA,NA,NA,0.027644586,0.007371635,0.964983779,462.8780114
651,PRX331,WR-E23-XIL05,WR,E,23,XIL,5,30.83256555,23.22918418,21.11818757,NA,NA,NA,0.000965676,0.187792074,0.81124225,461.0150444
652,PRX332,WR-E24-XIL05,WR,E,24,XIL,5,29.95513731,24.09418333,21.46291864,NA,NA,NA,0.002385434,0.138640593,0.858973973,462.1424886
653,PRX333,WR-E25-XIL05,WR,E,25,XIL,5,36.18780838,23.78059422,22.03516008,NA,NA,NA,4.23E-05,0.229719159,0.770238549,460.022819
654,PRX334,WR-E26-XIL05,WR,E,26,XIL,5,36.59935801,23.10479017,22.54695734,NA,NA,NA,3.50E-05,0.404507358,0.595457595,455.4790937
655,PRX337,WR-E29-XIL06,WR,E,29,XIL,6,27.25906316,23.27612166,19.33313386,NA,NA,NA,0.003846152,0.060815087,0.935338761,464.0111156
656,PRX338,WR-E30-XIL05,WR,E,30,XIL,5,28.07633432,22.6037441,20.24070418,NA,NA,NA,0.003651813,0.162151998,0.834196189,461.3969559
662,PRX4,WR-L38-XIL01,WR,L,38,XIL,1,24.46177354,20.30599809,20.68384868,0.007798976,0.139011466,0.106980904,0.030729872,0.54773919,0.421530938,448.5014146
701,PRX91,WR-E5-XIL02,WR,E,5,XIL,2,23.62698801,29.06547249,32.14641079,0.241596646,0.005571138,0.000658399,0.974863281,0.022480023,0.002656696,362.0800117
702,PRX92,WR-E10-XIL02,WR,E,10,XIL,2,21.70821455,26.68240182,30.2485218,0.258802818,0.008233594,0.000695153,0.966650378,0.030753167,0.002596455,362.7354776
703,PRX93,WR-E15-XIL02,WR,E,15,XIL,2,21.24735762,25.33056393,29.13139872,0.261022782,0.015399649,0.001104957,0.940529809,0.055488756,0.003981436,364.8611326
704,PRX94,WR-E20-XIL02,WR,E,20,XIL,2,20.60990183,23.61015357,29.18229901,0.172356303,0.021540779,0.000452771,0.886835264,0.110835067,0.002329669,369.1137503
705,PRX95,WR-E21-XIL02,WR,E,21,XIL,2,21.08931375,22.20433012,27.08360481,0.189070247,0.08729107,0.002965936,0.676877193,0.312504666,0.010618141,386.1258962
706,PRX96,WR-E22-XIL02,WR,E,22,XIL,2,23.64635581,20.88325971,23.70617584,0.022611218,0.1534966,0.021692836,0.11431316,0.776016647,0.109670193,433.7063722
707,PRX97,WR-E23-XIL02,WR,E,23,XIL,2,25.41537978,22.50397022,23.33298236,0.015527095,0.116818553,0.065758864,0.078378301,0.589681435,0.331940263,442.3601827
708,PRX98,WR-E24-XIL02,WR,E,24,XIL,2,29.43942798,26.6498538,23.07326585,0.005382432,0.037215514,0.444001339,0.011061322,0.076480824,0.912457854,462.8389984
709,PRX99,WR-E25-XIL02,WR,E,25,XIL,2,26.86199537,22.7447358,20.28705386,0.002149305,0.037300672,0.204905039,0.008795829,0.152649504,0.838554667,461.098755