"","combi","brgroups","Light","Stage","Age","Spec","day","PSI_SC.m","PSI_SC.n","PSI_SC.se"
"9","RR-E20-NIC","RR-E-NIC","RR","E",20,"NIC",0,463.65348077035,3,0.614882059839578
"12","RR-E20-XIL","RR-E-XIL","RR","E",20,"XIL",0,457.844087872866,1,NA
"13","RR-E21-NIC","RR-E-NIC","RR","E",21,"NIC",1,464.825976428687,4,0.165331195182586
"17","RR-E21-XIL","RR-E-XIL","RR","E",21,"XIL",1,445.836418904434,2,1.02681692568751
"19","RR-E22-NIC","RR-E-NIC","RR","E",22,"NIC",2,463.034358800584,4,1.30627352490354
"23","RR-E22-XIL","RR-E-XIL","RR","E",22,"XIL",2,448.253672788148,2,10.1255447926185
"25","RR-E23-NIC","RR-E-NIC","RR","E",23,"NIC",3,464.449240287573,3,0.604314994467487
"28","RR-E23-XIL","RR-E-XIL","RR","E",23,"XIL",3,446.873630223672,2,2.4250433800695
"30","RR-E24-NIC","RR-E-NIC","RR","E",24,"NIC",4,464.794878185271,3,0.177724950276872
"33","RR-E24-XIL","RR-E-XIL","RR","E",24,"XIL",4,454.572523447821,1,NA
"34","RR-E25-NIC","RR-E-NIC","RR","E",25,"NIC",5,465.226565228703,1,NA
"35","RR-E25-XIL","RR-E-XIL","RR","E",25,"XIL",5,450.585938261298,2,3.25575700583951
"37","RR-E26-NIC","RR-E-NIC","RR","E",26,"NIC",6,464.589498730871,3,0.0950936644231383
"40","RR-E26-XIL","RR-E-XIL","RR","E",26,"XIL",6,451.238839908965,2,9.79383352790799
"42","RR-E27-NIC","RR-E-NIC","RR","E",27,"NIC",7,464.401160872834,2,0.499638068806007
"44","RR-E27-XIL","RR-E-XIL","RR","E",27,"XIL",7,446.899392436992,2,2.74851055380751
"46","RR-E28-NIC","RR-E-NIC","RR","E",28,"NIC",8,464.237426985811,2,0.968803229471973
"48","RR-E28-XIL","RR-E-XIL","RR","E",28,"XIL",8,441.759691756551,2,3.340807941159
"50","RR-E29-NIC","RR-E-NIC","RR","E",29,"NIC",9,465.034268635343,2,0.115454594074492
"52","RR-E30-NIC","RR-E-NIC","RR","E",30,"NIC",10,465.067520716984,3,0.131733090776519
"55","RR-E30-XIL","RR-E-XIL","RR","E",30,"XIL",10,449.305165541595,2,6.708494766331
"57","RR-E31-NIC","RR-E-NIC","RR","E",31,"NIC",11,465.507847221395,2,0.0197031754684929
"59","RR-E31-XIL","RR-E-XIL","RR","E",31,"XIL",11,446.128435623217,1,NA
"60","RR-E32-NIC","RR-E-NIC","RR","E",32,"NIC",12,465.01657437416,2,0.238670432231487
"62","RR-E32-XIL","RR-E-XIL","RR","E",32,"XIL",12,454.993008889519,1,NA
"63","RR-E33-NIC","RR-E-NIC","RR","E",33,"NIC",13,464.909985410707,2,0.339273395991512
"65","RR-E33-XIL","RR-E-XIL","RR","E",33,"XIL",13,459.426357507996,1,NA
"66","RR-E34-NIC","RR-E-NIC","RR","E",34,"NIC",14,464.636548496529,1,NA
"67","RR-E34-XIL","RR-E-XIL","RR","E",34,"XIL",14,454.609667333224,1,NA
"68","RR-E35-XIL","RR-E-XIL","RR","E",35,"XIL",15,442.146799829837,1,NA
"73","RR-L35-NIC","RR-L-NIC","RR","L",35,"NIC",0,465.326010936887,3,0.541568405191662
"76","RR-L36-NIC","RR-L-NIC","RR","L",36,"NIC",1,465.989319985612,1,NA
"77","RR-L36-XIL","RR-L-XIL","RR","L",36,"XIL",1,439.663582987287,1,NA
"78","RR-L37-XIL","RR-L-XIL","RR","L",37,"XIL",2,444.97818221169,1,NA
"79","RR-L38-NIC","RR-L-NIC","RR","L",38,"NIC",3,457.93763928075,2,6.76111415552049
"81","RR-L39-NIC","RR-L-NIC","RR","L",39,"NIC",4,463.01486900838,2,2.08038585708451
"83","RR-L39-XIL","RR-L-XIL","RR","L",39,"XIL",4,455.302556639268,2,6.2221906680825
"85","RR-L40-NIC","RR-L-NIC","RR","L",40,"NIC",5,465.073426210795,3,0.156064516276273
"88","RR-L40-XIL","RR-L-XIL","RR","L",40,"XIL",5,459.182194989557,1,NA
"89","RR-L41-NIC","RR-L-NIC","RR","L",41,"NIC",6,465.163667556955,1,NA
"90","RR-L41-XIL","RR-L-XIL","RR","L",41,"XIL",6,459.07526732149,2,1.08200008070048
"92","RR-L42-XIL","RR-L-XIL","RR","L",42,"XIL",7,451.705573904175,2,1.17257810426102
"94","RR-L43-XIL","RR-L-XIL","RR","L",43,"XIL",8,460.146815506359,1,NA
"95","RR-L44-NIC","RR-L-NIC","RR","L",44,"NIC",9,461.695294395524,2,1.37739321085351
"97","RR-L44-XIL","RR-L-XIL","RR","L",44,"XIL",9,461.771955352357,1,NA
"98","RR-L45-NIC","RR-L-NIC","RR","L",45,"NIC",10,464.296109677194,2,1.51276561852299
"100","RR-L45-XIL","RR-L-XIL","RR","L",45,"XIL",10,458.949966200278,1,NA
"101","RR-L46-XIL","RR-L-XIL","RR","L",46,"XIL",11,457.926732649825,1,NA
"102","RR-L47-XIL","RR-L-XIL","RR","L",47,"XIL",12,449.952472666022,1,NA
"103","RR-L48-XIL","RR-L-XIL","RR","L",48,"XIL",13,462.492406409567,2,1.5980960765425
"105","RR-L49-XIL","RR-L-XIL","RR","L",49,"XIL",14,451.301481000156,1,NA
"106","RR-L50-XIL","RR-L-XIL","RR","L",50,"XIL",15,462.321237431534,1,NA
"107","RR-L51-XIL","RR-L-XIL","RR","L",51,"XIL",16,452.185340729463,1,NA
"124","RW-E20-NIC","RW-E-NIC","RW","E",20,"NIC",0,463.162371655073,5,1.10705073474023
"129","RW-E20-XIL","RW-E-XIL","RW","E",20,"XIL",0,451.325617254474,3,5.16860208212777
"132","RW-E21-NIC","RW-E-NIC","RW","E",21,"NIC",1,456.745809097799,5,2.22019402042099
"137","RW-E21-XIL","RW-E-XIL","RW","E",21,"XIL",1,434.326797838333,3,1.22744229456419
"140","RW-E22-NIC","RW-E-NIC","RW","E",22,"NIC",2,441.62094924735,3,6.73913412068731
"143","RW-E22-XIL","RW-E-XIL","RW","E",22,"XIL",2,417.956420088815,4,4.81573905947195
"147","RW-E23-NIC","RW-E-NIC","RW","E",23,"NIC",3,424.185490179168,5,3.49837365608617
"152","RW-E23-XIL","RW-E-XIL","RW","E",23,"XIL",3,408.688205757145,3,9.03146132276441
"155","RW-E24-NIC","RW-E-NIC","RW","E",24,"NIC",4,423.245192282909,5,5.09686213342532
"160","RW-E24-XIL","RW-E-XIL","RW","E",24,"XIL",4,398.973295603618,3,2.55404834655145
"163","RW-E25-NIC","RW-E-NIC","RW","E",25,"NIC",5,422.54857563925,4,1.28685025081234
"167","RW-E25-XIL","RW-E-XIL","RW","E",25,"XIL",5,400.348882838292,2,6.85006516164248
"169","RW-E26-NIC","RW-E-NIC","RW","E",26,"NIC",6,411.703228131242,5,6.35924334576617
"174","RW-E26-XIL","RW-E-XIL","RW","E",26,"XIL",6,395.776751161308,3,5.99309651835731
"177","RW-E27-NIC","RW-E-NIC","RW","E",27,"NIC",7,416.771246617777,5,3.40238637702579
"182","RW-E27-XIL","RW-E-XIL","RW","E",27,"XIL",7,383.422749337247,4,6.22076274950965
"186","RW-E28-NIC","RW-E-NIC","RW","E",28,"NIC",8,415.850950134221,4,6.27938197965516
"190","RW-E28-XIL","RW-E-XIL","RW","E",28,"XIL",8,390.104156841123,4,5.53719699690823
"194","RW-E29-NIC","RW-E-NIC","RW","E",29,"NIC",9,409.013101665267,2,17.873033040492
"196","RW-E29-XIL","RW-E-XIL","RW","E",29,"XIL",9,408.737864279812,1,NA
"197","RW-E30-NIC","RW-E-NIC","RW","E",30,"NIC",10,405.364163209012,5,7.3371789065839
"202","RW-E30-XIL","RW-E-XIL","RW","E",30,"XIL",10,381.485984751679,4,6.16308166007098
"206","RW-E31-NIC","RW-E-NIC","RW","E",31,"NIC",11,414.129263601396,3,5.26809108709879
"209","RW-E31-XIL","RW-E-XIL","RW","E",31,"XIL",11,383.687738381863,3,4.47931621065697
"212","RW-E32-NIC","RW-E-NIC","RW","E",32,"NIC",12,391.93147563091,2,1.2943676890975
"214","RW-E32-XIL","RW-E-XIL","RW","E",32,"XIL",12,376.039274495358,2,3.04875023005499
"216","RW-E33-NIC","RW-E-NIC","RW","E",33,"NIC",13,408.379563994741,2,3.23319123221051
"218","RW-E33-XIL","RW-E-XIL","RW","E",33,"XIL",13,384.583131324815,2,0.572564974742988
"220","RW-E34-NIC","RW-E-NIC","RW","E",34,"NIC",14,387.424910001124,1,NA
"221","RW-E34-XIL","RW-E-XIL","RW","E",34,"XIL",14,385.382128051105,3,7.96531979474781
"224","RW-E35-NIC","RW-E-NIC","RW","E",35,"NIC",15,416.269524587065,2,23.648753377099
"226","RW-E35-XIL","RW-E-XIL","RW","E",35,"XIL",15,389.661978283149,3,5.30491138379283
"231","RW-L35-NIC","RW-L-NIC","RW","L",35,"NIC",0,450.079731367864,4,14.647566723608
"235","RW-L35-XIL","RW-L-XIL","RW","L",35,"XIL",0,457.369279419452,3,1.92344099155394
"238","RW-L36-NIC","RW-L-NIC","RW","L",36,"NIC",1,457.745390759257,5,2.37343856352646
"243","RW-L36-XIL","RW-L-XIL","RW","L",36,"XIL",1,435.514034137379,3,1.59804990698479
"246","RW-L37-NIC","RW-L-NIC","RW","L",37,"NIC",2,457.965233469639,3,3.06804354072325
"249","RW-L37-XIL","RW-L-XIL","RW","L",37,"XIL",2,439.268866425329,3,12.7649052602634
"252","RW-L38-NIC","RW-L-NIC","RW","L",38,"NIC",3,453.200298602755,4,5.95271307877224
"256","RW-L38-XIL","RW-L-XIL","RW","L",38,"XIL",3,409.124540771495,3,3.58268765531813
"259","RW-L39-NIC","RW-L-NIC","RW","L",39,"NIC",4,454.424027215078,4,3.72675972900258
"263","RW-L39-XIL","RW-L-XIL","RW","L",39,"XIL",4,395.185650014634,3,3.34822523284043
"266","RW-L40-NIC","RW-L-NIC","RW","L",40,"NIC",5,451.350340999876,3,5.01481032076964
"269","RW-L40-XIL","RW-L-XIL","RW","L",40,"XIL",5,398.872218736975,3,6.21180936824657
"272","RW-L41-NIC","RW-L-NIC","RW","L",41,"NIC",6,447.785829280168,3,2.50029998775915
"275","RW-L41-XIL","RW-L-XIL","RW","L",41,"XIL",6,389.379942767523,3,15.0031455410339
"278","RW-L42-NIC","RW-L-NIC","RW","L",42,"NIC",7,450.757629543644,4,5.6700146537834
"282","RW-L42-XIL","RW-L-XIL","RW","L",42,"XIL",7,394.455064337302,2,14.4824304139165
"284","RW-L43-NIC","RW-L-NIC","RW","L",43,"NIC",8,454.134786211715,2,5.40080176977099
"286","RW-L43-XIL","RW-L-XIL","RW","L",43,"XIL",8,382.98483139721,3,9.97138433771115
"289","RW-L44-NIC","RW-L-NIC","RW","L",44,"NIC",9,443.011941307679,3,5.29516587107121
"292","RW-L44-XIL","RW-L-XIL","RW","L",44,"XIL",9,382.772685766154,3,7.02183868084945
"295","RW-L45-NIC","RW-L-NIC","RW","L",45,"NIC",10,451.014705338759,4,1.41987468669535
"299","RW-L45-XIL","RW-L-XIL","RW","L",45,"XIL",10,389.652448515967,2,15.3596577090505
"301","RW-L46-NIC","RW-L-NIC","RW","L",46,"NIC",11,461.785635199495,1,NA
"302","RW-L46-XIL","RW-L-XIL","RW","L",46,"XIL",11,394.922911177394,2,11.2846417944425
"304","RW-L47-NIC","RW-L-NIC","RW","L",47,"NIC",12,456.425979320508,1,NA
"305","RW-L47-XIL","RW-L-XIL","RW","L",47,"XIL",12,390.358310887913,2,12.751203999031
"307","RW-L48-NIC","RW-L-NIC","RW","L",48,"NIC",13,457.423221824131,1,NA
"308","RW-L48-XIL","RW-L-XIL","RW","L",48,"XIL",13,379.22228583475,1,NA
"309","RW-L49-XIL","RW-L-XIL","RW","L",49,"XIL",14,404.355914019226,1,NA
"310","RW-L50-XIL","RW-L-XIL","RW","L",50,"XIL",15,396.118675679505,1,NA
"311","RW-L55-XIL","RW-L-XIL","RW","L",55,"XIL",20,405.381487667062,1,NA
"312","RW-L57-XIL","RW-L-XIL","RW","L",57,"XIL",22,384.904556266295,1,NA
"329","WR-E20-NIC","WR-E-NIC","WR","E",20,"NIC",0,386.192051977017,6,5.97531703836725
"335","WR-E20-XIL","WR-E-XIL","WR","E",20,"XIL",0,369.825205754091,5,1.5011282150688
"340","WR-E21-NIC","WR-E-NIC","WR","E",21,"NIC",1,417.788819317307,6,12.1209762214707
"346","WR-E21-XIL","WR-E-XIL","WR","E",21,"XIL",1,409.540364868664,5,15.1580252884869
"351","WR-E22-NIC","WR-E-NIC","WR","E",22,"NIC",2,444.695093513579,6,8.67088249409488
"357","WR-E22-XIL","WR-E-XIL","WR","E",22,"XIL",2,449.235957037928,4,7.93458468144886
"361","WR-E23-NIC","WR-E-NIC","WR","E",23,"NIC",3,462.056711231614,6,1.01924857600901
"367","WR-E23-XIL","WR-E-XIL","WR","E",23,"XIL",3,451.348218587656,4,6.01404045759799
"371","WR-E24-NIC","WR-E-NIC","WR","E",24,"NIC",4,460.322427834482,6,3.47310345533073
"377","WR-E24-XIL","WR-E-XIL","WR","E",24,"XIL",4,461.562130988804,5,1.33648842180134
"382","WR-E25-NIC","WR-E-NIC","WR","E",25,"NIC",5,462.820397551892,6,1.12932050327565
"388","WR-E25-XIL","WR-E-XIL","WR","E",25,"XIL",5,457.228502745549,5,3.59931919187581
"393","WR-E26-NIC","WR-E-NIC","WR","E",26,"NIC",6,464.567238201818,4,0.335186584577604
"397","WR-E26-XIL","WR-E-XIL","WR","E",26,"XIL",6,458.250873675285,5,3.61538958967799
"402","WR-E27-NIC","WR-E-NIC","WR","E",27,"NIC",7,463.757872641678,3,1.24452224523373
"405","WR-E27-XIL","WR-E-XIL","WR","E",27,"XIL",7,462.213780655573,3,1.06539981194587
"408","WR-E28-NIC","WR-E-NIC","WR","E",28,"NIC",8,463.681304783658,4,0.0878893625712165
"412","WR-E28-XIL","WR-E-XIL","WR","E",28,"XIL",8,463.486611737681,3,0.731134253575435
"415","WR-E29-NIC","WR-E-NIC","WR","E",29,"NIC",9,459.13752489229,3,3.86412560077318
"418","WR-E29-XIL","WR-E-XIL","WR","E",29,"XIL",9,464.011115603786,1,NA
"419","WR-E30-NIC","WR-E-NIC","WR","E",30,"NIC",10,462.998105293991,3,1.28694761643393
"422","WR-E30-XIL","WR-E-XIL","WR","E",30,"XIL",10,460.265284201742,4,2.79836446559802
"426","WR-E31-NIC","WR-E-NIC","WR","E",31,"NIC",11,459.546919464755,1,NA
"427","WR-E31-XIL","WR-E-XIL","WR","E",31,"XIL",11,458.265050054776,2,5.47319533021451
"429","WR-E32-NIC","WR-E-NIC","WR","E",32,"NIC",12,465.051258790743,1,NA
"430","WR-E32-XIL","WR-E-XIL","WR","E",32,"XIL",12,459.401927127683,2,2.04660089160302
"432","WR-E33-XIL","WR-E-XIL","WR","E",33,"XIL",13,446.799580366748,1,NA
"433","WR-E34-XIL","WR-E-XIL","WR","E",34,"XIL",14,459.680472874218,1,NA
"434","WR-E35-XIL","WR-E-XIL","WR","E",35,"XIL",15,465.72124142762,1,NA
"441","WR-L35-NIC","WR-L-NIC","WR","L",35,"NIC",0,400.020005154165,4,3.67826925079224
"445","WR-L35-XIL","WR-L-XIL","WR","L",35,"XIL",0,394.000290870522,3,12.9704825620617
"448","WR-L36-NIC","WR-L-NIC","WR","L",36,"NIC",1,452.508906940731,4,2.94137012461587
"452","WR-L36-XIL","WR-L-XIL","WR","L",36,"XIL",1,397.704872843051,3,11.2407883688955
"455","WR-L37-NIC","WR-L-NIC","WR","L",37,"NIC",2,462.016622380027,4,1.78714714707543
"459","WR-L37-XIL","WR-L-XIL","WR","L",37,"XIL",2,442.759355389035,3,8.56006787513188
"462","WR-L38-NIC","WR-L-NIC","WR","L",38,"NIC",3,465.176729305269,2,0.545457873772506
"464","WR-L38-XIL","WR-L-XIL","WR","L",38,"XIL",3,445.899539731846,3,1.70459166895042
"467","WR-L39-NIC","WR-L-NIC","WR","L",39,"NIC",4,465.345054488551,2,0.268947021806014
"469","WR-L39-XIL","WR-L-XIL","WR","L",39,"XIL",4,461.023017766223,1,NA
"470","WR-L40-NIC","WR-L-NIC","WR","L",40,"NIC",5,464.77702772816,3,0.593904735138173
"473","WR-L40-XIL","WR-L-XIL","WR","L",40,"XIL",5,456.828950398901,2,1.232494475273
"475","WR-L41-NIC","WR-L-NIC","WR","L",41,"NIC",6,464.214201459958,3,0.708034000508473
"478","WR-L41-XIL","WR-L-XIL","WR","L",41,"XIL",6,465.09107819086,1,NA
"479","WR-L42-NIC","WR-L-NIC","WR","L",42,"NIC",7,462.981139295317,4,1.59304703561643
"483","WR-L42-XIL","WR-L-XIL","WR","L",42,"XIL",7,452.080536346424,2,4.0932369610245
"485","WR-L43-NIC","WR-L-NIC","WR","L",43,"NIC",8,462.952707492854,4,2.47497109595374
"489","WR-L43-XIL","WR-L-XIL","WR","L",43,"XIL",8,454.60996349413,1,NA
"490","WR-L44-NIC","WR-L-NIC","WR","L",44,"NIC",9,460.631416560531,3,4.58829790172342
"493","WR-L44-XIL","WR-L-XIL","WR","L",44,"XIL",9,462.023183751683,3,1.88291513926942
"496","WR-L45-NIC","WR-L-NIC","WR","L",45,"NIC",10,461.648581647279,2,3.6199415163675
"498","WR-L45-XIL","WR-L-XIL","WR","L",45,"XIL",10,459.442994661948,1,NA
"499","WR-L46-NIC","WR-L-NIC","WR","L",46,"NIC",11,461.137512516417,2,4.341977014767
"501","WR-L46-XIL","WR-L-XIL","WR","L",46,"XIL",11,459.509840828341,1,NA
"502","WR-L47-NIC","WR-L-NIC","WR","L",47,"NIC",12,465.648886483006,1,NA
"503","WR-L47-XIL","WR-L-XIL","WR","L",47,"XIL",12,462.40822899998,1,NA
"504","WR-L48-NIC","WR-L-NIC","WR","L",48,"NIC",13,464.237519886768,2,0.588153623105995
"506","WR-L48-XIL","WR-L-XIL","WR","L",48,"XIL",13,463.022561012519,1,NA
"507","WR-L49-NIC","WR-L-NIC","WR","L",49,"NIC",14,464.90852341333,2,0.633330955836016
"509","WR-L49-XIL","WR-L-XIL","WR","L",49,"XIL",14,462.437297665138,1,NA
"510","WR-L50-NIC","WR-L-NIC","WR","L",50,"NIC",15,464.835652195032,1,NA
"511","WR-L50-XIL","WR-L-XIL","WR","L",50,"XIL",15,458.09425633799,1,NA
"519","WW-E20-NIC","WW-E-NIC","WW","E",20,"NIC",0,386.327661598379,3,3.78795274319953
"522","WW-E20-XIL","WW-E-XIL","WW","E",20,"XIL",0,379.800994229153,2,10.649194072683
"524","WW-E21-NIC","WW-E-NIC","WW","E",21,"NIC",1,385.867679179034,4,3.81738926508506
"528","WW-E21-XIL","WW-E-XIL","WW","E",21,"XIL",1,366.110570742345,2,1.59347268182651
"530","WW-E22-NIC","WW-E-NIC","WW","E",22,"NIC",2,389.815725372496,4,9.77100399121305
"534","WW-E22-XIL","WW-E-XIL","WW","E",22,"XIL",2,373.548038652461,3,7.12012294976942
"537","WW-E23-NIC","WW-E-NIC","WW","E",23,"NIC",3,383.944701665261,4,1.50868767834349
"541","WW-E23-XIL","WW-E-XIL","WW","E",23,"XIL",3,369.969678832465,3,3.59196793939601
"544","WW-E24-NIC","WW-E-NIC","WW","E",24,"NIC",4,389.618885008285,4,1.31448907485743
"548","WW-E24-XIL","WW-E-XIL","WW","E",24,"XIL",4,369.912578649387,3,2.55944559070772
"551","WW-E25-NIC","WW-E-NIC","WW","E",25,"NIC",5,391.560403083185,4,9.78677633099172
"555","WW-E25-XIL","WW-E-XIL","WW","E",25,"XIL",5,371.130700057806,2,4.14630540042901
"557","WW-E26-NIC","WW-E-NIC","WW","E",26,"NIC",6,385.984831836217,3,9.37839114999478
"560","WW-E26-XIL","WW-E-XIL","WW","E",26,"XIL",6,373.78542382279,2,7.76647715339851
"562","WW-E27-NIC","WW-E-NIC","WW","E",27,"NIC",7,395.626005132532,3,4.43161894307462
"565","WW-E27-XIL","WW-E-XIL","WW","E",27,"XIL",7,372.96547958132,2,8.69870770850301
"567","WW-E28-NIC","WW-E-NIC","WW","E",28,"NIC",8,385.985019200361,3,15.9620534472092
"570","WW-E28-XIL","WW-E-XIL","WW","E",28,"XIL",8,366.54414188151,1,NA
"571","WW-E29-NIC","WW-E-NIC","WW","E",29,"NIC",9,419.668501247569,2,0.65459365951699
"573","WW-E30-NIC","WW-E-NIC","WW","E",30,"NIC",10,395.298804432185,3,5.30569776836334
"576","WW-E30-XIL","WW-E-XIL","WW","E",30,"XIL",10,382.86102444303,1,NA
"577","WW-E31-XIL","WW-E-XIL","WW","E",31,"XIL",11,363.823428983044,1,NA
"578","WW-E33-XIL","WW-E-XIL","WW","E",33,"XIL",13,364.273368999784,1,NA
"579","WW-E34-XIL","WW-E-XIL","WW","E",34,"XIL",14,367.901214355302,1,NA
"580","WW-E35-XIL","WW-E-XIL","WW","E",35,"XIL",15,366.222846633568,1,NA
"587","WW-L35-NIC","WW-L-NIC","WW","L",35,"NIC",0,392.814964715216,2,1.88422129476049
"589","WW-L35-XIL","WW-L-XIL","WW","L",35,"XIL",0,368.596520676634,2,3.51019785191349
"591","WW-L36-NIC","WW-L-NIC","WW","L",36,"NIC",1,384.014162341124,2,8.8919404436165
"593","WW-L36-XIL","WW-L-XIL","WW","L",36,"XIL",1,372.965939246585,1,NA
"594","WW-L37-NIC","WW-L-NIC","WW","L",37,"NIC",2,396.076408063598,2,18.594128980501
"596","WW-L37-XIL","WW-L-XIL","WW","L",37,"XIL",2,386.867229009465,2,3.10974934681002
"598","WW-L38-NIC","WW-L-NIC","WW","L",38,"NIC",3,385.251464382042,2,3.21765056145301
"600","WW-L38-XIL","WW-L-XIL","WW","L",38,"XIL",3,371.105520092739,2,4.08845885567197
"602","WW-L39-NIC","WW-L-NIC","WW","L",39,"NIC",4,381.773150682193,3,12.5584552321397
"605","WW-L40-NIC","WW-L-NIC","WW","L",40,"NIC",5,406.777023888763,3,6.5600090079969
"608","WW-L40-XIL","WW-L-XIL","WW","L",40,"XIL",5,384.051995052454,1,NA
"609","WW-L41-NIC","WW-L-NIC","WW","L",41,"NIC",6,393.431397697383,3,13.4625220662238
"612","WW-L41-XIL","WW-L-XIL","WW","L",41,"XIL",6,371.039034208249,1,NA
"613","WW-L42-NIC","WW-L-NIC","WW","L",42,"NIC",7,391.855669667508,2,1.54332055703651
"615","WW-L42-XIL","WW-L-XIL","WW","L",42,"XIL",7,378.515983191031,1,NA
"616","WW-L43-NIC","WW-L-NIC","WW","L",43,"NIC",8,394.109476921926,3,7.42958185182283
"619","WW-L44-NIC","WW-L-NIC","WW","L",44,"NIC",9,405.04582565146,2,15.9253880296765
"621","WW-L45-NIC","WW-L-NIC","WW","L",45,"NIC",10,404.598160582732,2,2.75076420624001
"623","WW-L46-NIC","WW-L-NIC","WW","L",46,"NIC",11,378.110954369013,1,NA
"624","WW-L47-XIL","WW-L-XIL","WW","L",47,"XIL",12,418.338843298152,1,NA
"625","WW-L49-XIL","WW-L-XIL","WW","L",49,"XIL",14,387.70558177323,1,NA
