"","Exp_IDs","ID_IDs","combi","Light","Stage","Age","Spec","Rep","sws1","sws2b","sws2a","EF1A","GAPDH","G_mean","relsws1","relsws2b","relsws2a","day"
"1","PRN10","WR-L36-NIC02","WR-L36-NIC","WR","L",36,"NIC",2,25.3522690931999,22.6541369864946,20.5917761161868,20.8130975061965,19.958896264093,20.3815223685727,0.03189,0.20695,0.86439,1
"2","PRN106","WR-E30-NIC01","WR-E30-NIC","WR","E",30,"NIC",1,27.1436030321447,26.055338432108,21.6903749446397,21.5552332266803,21.3198974305402,21.4372423945851,0.01915,0.04072,0.83907,10
"3","PRN107","RW-L39-NIC02","RW-L39-NIC","RW","L",39,"NIC",2,27.1734352709301,24.3080556381672,24.6662947702759,17.0915055431998,16.360400487307,16.721957888291,0.00071,0.0052,0.00406,4
"4","PRN11","WR-L37-NIC02","WR-L37-NIC","WR","L",37,"NIC",2,26.4647074826677,25.503838814042,19.8951662971139,19.8183577008427,19.0857696033896,19.4486145778008,0.00773,0.01504,0.73379,2
"5","PRN13","WR-L39-NIC02","WR-L39-NIC","WR","L",39,"NIC",2,28.1119989417411,26.1542175106528,19.0583753651762,18.2995929584654,18.1741278366466,18.2367525010828,0.00106,0.00414,0.56581,4
"6","PRN153","RW-E22-NIC02","RW-E22-NIC","RW","E",22,"NIC",2,25.3310000479282,23.1294102317747,23.8094434879887,22.4961706295211,22.111709826167,22.3031118268261,0.12261,0.56397,0.35201,2
"7","PRN179","WW-E24-NIC02","WW-E24-NIC","WW","E",24,"NIC",2,22.254331,23.04469461,27.511030405,23.3650561243475,22.4230646736168,22.8892150275829,1.55281,0.89783,0.04062,4
"8","PRN185","RW-L35-NIC03","RW-L35-NIC","RW","L",35,"NIC",3,21.92301065,22.593915865,23.18935537,19.5997098065254,19.5995225494534,19.5996161777657,0.1998,0.12549,0.08306,0
"9","PRN186","RW-L36-NIC03","RW-L36-NIC","RW","L",36,"NIC",3,24.82621983,24.963419855,22.34742932,22.8806716565334,22.5315454947588,22.705437550944,0.22992,0.20906,1.28166,1
"10","PRN198","RR-E24-NIC03","RR-E24-NIC","RR","E",24,"NIC",3,27.2280719747787,26.7943328439697,19.8766693352137,18.9457109787175,18.872025835109,18.9088325143269,0.00313,0.00423,0.51127,4
"11","PRN211","WW-L35-NIC03","WW-L35-NIC","WW","L",35,"NIC",3,22.5725844548466,23.5229085144543,26.333732357393,23.2230866989337,19.8075837301717,21.4474528618708,0.45846,0.23726,0.03381,0
"13","PRN221","WW-L45-NIC03","WW-L45-NIC","WW","L",45,"NIC",3,22.1143636259498,22.0961801653894,24.1521497123867,22.2641361512016,21.9330289066076,22.097962389889,0.9887,1.00124,0.24078,10
"14","PRN229","RW-E21-NIC03","RW-E21-NIC","RW","E",21,"NIC",3,27.698145335,25.388926645,22.51103098,20.6052531285468,19.821643692886,20.2096508063791,0.00557,0.0276,0.20287,1
"16","PRN254","WW-E24-NIC03","WW-E24-NIC","WW","E",24,"NIC",3,20.7452935569565,22.2609208945721,24.3141946485901,21.2456927183453,20.3620730247717,20.7991910081332,1.03807,0.36306,0.08747,4
"17","PRN264","RW-L45-NIC03","RW-L45-NIC","RW","L",45,"NIC",3,26.13069134,25.08718108,23.06482747,22.6801911357968,22.1579572784892,22.4175535296552,0.07625,0.15717,0.63849,10
"18","PRN270","RR-E22-NIC04","RR-E22-NIC","RR","E",22,"NIC",4,28.4676791036267,24.9895903919428,22.951969098883,23.3279532706539,21.5154385973692,22.4033735450055,0.01494,0.16652,0.68369,2
"19","PRN272","RR-E24-NIC04","RR-E24-NIC","RR","E",24,"NIC",4,27.8414414201543,25.707123585,20.6119507628781,20.6553267786305,20.0530778259064,20.3519747300208,0.00556,0.02443,0.8351,4
"20","PRN280","RW-E20-NIC04","RW-E20-NIC","RW","E",20,"NIC",4,28.9801582299066,27.7188671165787,21.93034438828,19.9575083413064,19.1305839073747,19.5396721545038,0.00144,0.00345,0.19069,0
"21","PRN281","RW-E21-NIC04","RW-E21-NIC","RW","E",21,"NIC",4,28.1600303,26.716802005,25.505990895,21.9633314314476,21.2967766377322,21.6274863013717,0.0108,0.02937,0.06799,1
"22","PRN282","RW-E23-NIC04","RW-E23-NIC","RW","E",23,"NIC",4,25.421319835,23.838020735,26.629342305,22.968549207737,22.110731641249,22.5355591836789,0.1353,0.40543,0.05857,3
"23","PRN283","RW-E24-NIC04","RW-E24-NIC","RW","E",24,"NIC",4,25.1464500552947,22.7526671442175,24.8465840816731,21.2551973082468,18.8053107691938,19.9927634618657,0.02809,0.14763,0.03458,4
"24","PRN289","RW-E30-NIC04","RW-E30-NIC","RW","E",30,"NIC",4,22.68643174,23.558599575,26.580677835,25.0028163622233,21.8896614798761,23.3945118823321,1.63363,0.89249,0.10987,10
"25","PRN292","WR-E20-NIC04","WR-E20-NIC","WR","E",20,"NIC",4,24.2450922337026,27.4571393342195,29.8808324625973,20.8722863511767,20.1731832949564,20.5197577555658,0.07561,0.00816,0.00152,0
"26","PRN293","WR-E21-NIC04","WR-E21-NIC","WR","E",21,"NIC",4,23.2108810300973,24.3141597838903,27.8600901656211,21.4576275023048,20.5605095716075,21.0042794602701,0.21664,0.10084,0.00863,1
"27","PRN294","WR-E22-NIC04","WR-E22-NIC","WR","E",22,"NIC",4,25.0717493540673,22.7153979440035,23.039595006053,22.318482024297,21.6144043155293,21.9636220642687,0.11597,0.59387,0.47435,2
"28","PRN295","WR-E23-NIC04","WR-E23-NIC","WR","E",23,"NIC",4,27.9667690863866,27.5338819849835,23.1632488751594,21.112348787473,20.206259798245,20.6543362166602,0.00629,0.00849,0.17569,3
"29","PRN296","WR-E24-NIC04","WR-E24-NIC","WR","E",24,"NIC",4,28.7275311328757,25.6371359781765,22.9979466843397,21.762927520027,20.8067611543774,21.2794744984275,0.00573,0.04878,0.30387,4
"30","PRN301","WW-E24-NIC04","WW-E24-NIC","WW","E",24,"NIC",4,22.8866741415923,23.5969039701428,28.1120939992096,22.6566674748135,23.6982059340433,23.171585435556,1.21834,0.74467,0.03257,4
"31","PRN311","RR-L45-NIC04","RR-L45-NIC","RR","L",45,"NIC",4,26.17480021,32.28320929,21.17227153,22.3546940891837,21.4657571588477,21.9057169405328,0.05187,0.00075,1.6626,10
"32","PRN312","RW-L35-NIC04","RW-L35-NIC","RW","L",35,"NIC",4,29.916418335,31.40489195,22.038843005,23.4909655585248,23.0311053540386,23.2598990248556,0.00991,0.00353,2.33117,0
"33","PRN313","RW-L36-NIC04","RW-L36-NIC","RW","L",36,"NIC",4,27.379252765,32.833545765,23.8620426,24.7407999067347,24.068567685854,24.4023690890335,0.12702,0.0029,1.4543,1
"34","PRN314","RW-L37-NIC04","RW-L37-NIC","RW","L",37,"NIC",4,26.31265492,28.37224228,22.14801165,22.568094131199,22.1200440694926,22.3429460176267,0.06383,0.01531,1.14467,2
"35","PRN315","RW-L38-NIC04","RW-L38-NIC","RW","L",38,"NIC",4,27.28019198,26.37525304,21.435142635,21.27542378322,20.3821276238818,20.8239862370719,0.01139,0.02133,0.65467,3
"37","PRN319","RW-L45-NIC04","RW-L45-NIC","RW","L",45,"NIC",4,27.427077235,26.83423172,24.850551505,24.0850277704979,23.3917005300848,23.7358327611707,0.07741,0.11676,0.46178,10
"38","PRN320","WR-L35-NIC04","WR-L35-NIC","WR","L",35,"NIC",4,24.39243174,25.37377746,28.285259155,26.2314386120393,26.0136157599605,26.1223001453658,3.31698,1.68007,0.2233,0
"39","PRN321","WR-L36-NIC04","WR-L36-NIC","WR","L",36,"NIC",4,27.993405045,31.52589867,24.91570646,26.0411708037077,25.4256741440563,25.731582213008,0.20851,0.01802,1.76037,1
"40","PRN322","WR-L37-NIC04","WR-L37-NIC","WR","L",37,"NIC",4,28.00027841,31.36522121,21.672555015,22.071454611454,22.0549319592173,22.0631917386531,0.01632,0.00158,1.31097,2
"41","PRN323","WR-L38-NIC04","WR-L38-NIC","WR","L",38,"NIC",4,30.667348085,27.907526155,20.69054999,21.1932510934479,20.2133524844598,20.6975035848173,0.001,0.00675,1.00483,3
"43","PRN335","RW-L36-NIC05","RW-L36-NIC","RW","L",36,"NIC",5,27.5463817422226,28.2513873293522,22.9698931942105,19.6552708551966,18.9845062827439,19.3169773266811,0.00333,0.00204,0.0795,1
"44","PRN336","RW-L37-NIC05","RW-L37-NIC","RW","L",37,"NIC",5,27.163265662168,26.4212788077699,22.1069046159041,21.9878855998728,21.7261874910078,21.8566448722961,0.02527,0.04226,0.84075,2
"45","PRN337","RW-L38-NIC05","RW-L38-NIC","RW","L",38,"NIC",5,28.569117630508,27.1790688812613,22.4751764552023,23.6164981030392,23.2007985302712,23.4077255298148,0.02794,0.07323,1.90865,3
"46","PRN338","RW-L39-NIC05","RW-L39-NIC","RW","L",39,"NIC",5,28.54341898575,27.953032865849,23.4918787831468,20.8185936689584,20.428252570771,20.6224995972296,0.00413,0.00621,0.13685,4
"47","PRN344","WR-L45-NIC05","WR-L45-NIC","WR","L",45,"NIC",5,29.9221048150127,28.5645917735903,22.0614506032723,23.9369950440128,21.0655331819326,22.4554127856828,0.00565,0.01449,1.314,10
"48","PRN345","RW-L45-NIC05","RW-L45-NIC","RW","L",45,"NIC",5,25.4930650277922,23.2323309342992,21.647561171415,21.06501150459,20.927127778781,20.9959564539948,0.04428,0.21222,0.63657,10
"49","PRN346","WR-L35-NIC05","WR-L35-NIC","WR","L",35,"NIC",5,23.1030473352597,23.3182956852207,27.533431206331,21.592520391792,20.6229631509538,21.102174114914,0.24985,0.21522,0.01159,0
"50","PRN347","WR-L36-NIC05","WR-L36-NIC","WR","L",36,"NIC",5,25.3221345619597,23.0602617943662,21.7295104829515,21.9833589050672,21.0572839489892,21.5153394260128,0.07146,0.34271,0.86204,1
"51","PRN348","WR-L37-NIC05","WR-L37-NIC","WR","L",37,"NIC",5,29.3932791241013,25.1201256043566,22.3324697827778,23.0160674357945,22.5776269136155,22.7957931115367,0.01033,0.19967,1.37871,2
"52","PRN349","WR-L38-NIC05","WR-L38-NIC","WR","L",38,"NIC",5,29.071187960589,26.3370282407279,21.4551348827727,22.9953689402443,20.5227861300898,21.7239277927161,0.00614,0.04086,1.2048,3
"53","PRN350","WR-L39-NIC05","WR-L39-NIC","WR","L",39,"NIC",5,28.749711829429,26.9420443468284,21.0440874164612,20.8228456898048,22.1455607226629,21.4740213663442,0.00645,0.02259,1.34717,4
"54","PRN357","RW-E20-NIC05","RW-E20-NIC","RW","E",20,"NIC",5,30.0445175514106,26.122010222911,24.2771632398914,23.1470562748316,19.6617599357241,21.3333509719977,0.00239,0.03618,0.12996,0
"55","PRN360","RW-E23-NIC05","RW-E23-NIC","RW","E",23,"NIC",5,29.563586535,27.241905065,30.30322971,20.3963526786112,22.7284978545442,21.5308722093728,0.00382,0.01909,0.00229,3
"56","PRN361","RW-E24-NIC05","RW-E24-NIC","RW","E",24,"NIC",5,27.95781021,26.032616205,30.59728507,26.7483205182955,27.4985809381712,27.1208564896556,0.55982,2.12615,0.08984,4
"57","PRN367","RW-E30-NIC05","RW-E30-NIC","RW","E",30,"NIC",5,24.49713367,25.27784173,26.5349101,24.8878549791473,25.3069934231426,25.0965492104673,1.5151,0.88191,0.36899,10
"58","PRN37","RR-L39-NIC02","RR-L39-NIC","RR","L",39,"NIC",2,33.7287542646718,25.4473554238737,23.3780705322711,24.7542135670513,23.8514433434896,24.2986362252527,0.00145,0.45103,1.89286,4
"59","PRN370","WR-E20-NIC05","WR-E20-NIC","WR","E",20,"NIC",5,24.40380203,26.03616649,29.902614835,23.9400147122915,22.2639746113306,23.0867901569131,0.40137,0.12946,0.00888,0
"60","PRN371","WR-E21-NIC05","WR-E21-NIC","WR","E",21,"NIC",5,27.049033315,24.281867955,25.95382557,23.3260877643167,24.6678657533491,23.9875968267145,0.11979,0.81548,0.25592,1
"61","PRN372","WR-E22-NIC05","WR-E22-NIC","WR","E",22,"NIC",5,30.91804419,29.28863073,28.08804736,26.4650795855841,26.6150358681298,26.5399518165205,0.04809,0.14879,0.34196,2
"62","PRN373","WR-E23-NIC05","WR-E23-NIC","WR","E",23,"NIC",5,31.117717975,32.79330303,27.50806826,24.9285384301593,23.1743452883322,24.035443767777,0.00738,0.00231,0.09008,3
"63","PRN374","WR-E24-NIC05","WR-E24-NIC","WR","E",24,"NIC",5,30.78637241,29.89789285,24.401973055,25.3986040790582,24.482253975906,24.9362201565711,0.01734,0.03209,1.44819,4
"64","PRN380","WR-E30-NIC05","WR-E30-NIC","WR","E",30,"NIC",5,30.7171801515154,30.2248202803137,26.0050338124943,27.0556649933066,25.2719281982337,26.1485912252708,0.04214,0.05928,1.10463,10
"65","PRN383","RW-E20-NIC06","RW-E20-NIC","RW","E",20,"NIC",6,30.2521605169597,29.2525203586317,24.5565274994124,23.375382995672,22.642188016206,23.0058648335338,0.00659,0.01317,0.34135,0
"66","PRN384","RW-E21-NIC06","RW-E21-NIC","RW","E",21,"NIC",6,31.0825698790416,28.3527788623106,26.6583224466191,22.6250493373478,22.6996402392071,22.6623140996701,0.00292,0.01936,0.06267,1
"67","PRN385","RW-E22-NIC06","RW-E22-NIC","RW","E",22,"NIC",6,29.9922411011342,30.0157857569308,29.14307885689,26.3210695551362,26.318016498583,26.3195429825904,0.07842,0.07715,0.14126,2
"68","PRN386","RW-E23-NIC06","RW-E23-NIC","RW","E",23,"NIC",6,30.1835919425222,29.7336282043404,29.9884326122984,22.3831825070164,23.0996865284496,22.7386125219011,0.00574,0.00784,0.00657,3
"69","PRN387","RW-E24-NIC06","RW-E24-NIC","RW","E",24,"NIC",6,27.0342136944992,25.80903125765,28.7174789168911,22.5233276104874,23.4437592762332,22.9789353669834,0.06015,0.14062,0.01873,4
"70","PRN393","RW-E30-NIC06","RW-E30-NIC","RW","E",30,"NIC",6,27.6934381879721,27.1591652429298,28.2454478442367,26.1040410844186,24.3879427844425,25.2314062313129,0.18149,0.26284,0.12379,10
"71","PRN397","WR-E20-NIC06","WR-E20-NIC","WR","E",20,"NIC",6,23.6547530174285,23.2635519254542,26.3275956945508,22.8292057614115,22.49908744207,22.663545544751,0.50306,0.65975,0.07889,0
"72","PRN398","WR-E21-NIC06","WR-E21-NIC","WR","E",21,"NIC",6,26.2366954899275,23.1844429484716,23.092449068713,21.544276672554,20.1671609429087,20.844349235559,0.02381,0.1975,0.2105,1
"73","PRN399","WR-E22-NIC06","WR-E22-NIC","WR","E",22,"NIC",6,32.2355019572951,31.256064971307,26.2992967858041,23.838637006183,22.7594009947211,23.2927692383563,0.00203,0.00401,0.12444,2
"74","PRN400","WR-E23-NIC06","WR-E23-NIC","WR","E",23,"NIC",6,29.4178319849302,30.6150621764788,24.1749774974122,20.3597221909866,20.2908077185417,20.3252357472241,0.00183,8e-04,0.06936,3
"75","PRN401","WR-E24-NIC06","WR-E24-NIC","WR","E",24,"NIC",6,30.4403953931653,28.1055535164293,22.1955112173727,21.2412886543672,20.8072688006856,21.0231587232836,0.00146,0.00738,0.4437,4
"76","PRN407","WR-E30-NIC06","WR-E30-NIC","WR","E",30,"NIC",6,31.11833547407,30.579116269705,23.1982448203346,24.4494454343652,22.0800544717036,23.2345666409712,0.00423,0.00615,1.0255,10
"77","PRN41","RW-L38-NIC02","RW-L38-NIC","RW","L",38,"NIC",2,29.061890775,24.31578953,26.165573145,19.3632495494299,18.9739197283257,19.1675961620236,0.00105,0.0282,0.00782,3
"78","PRN49","RR-E24-NIC01","RR-E24-NIC","RR","E",24,"NIC",1,28.5865852028694,27.7691760473448,21.8063359357118,22.6533282786057,21.6590201140297,22.1505957670677,0.01155,0.02035,1.2695,4
"79","PRN5","WW-L39-NIC01","WW-L39-NIC","WW","L",39,"NIC",1,22.0866935784265,26.71192736,27.1442728,18.5615908777642,18.475685995009,18.5185886240122,0.08431,0.00342,0.00253,4
"80","PRN61","RR-L39-NIC01","RR-L39-NIC","RR","L",39,"NIC",1,28.1991774586239,27.7000074702544,20.9196683076797,21.6049206546983,20.8619528069637,21.2301868832215,0.00798,0.01128,1.24015,4
"81","PRN68","WW-L45-NIC01","WW-L45-NIC","WW","L",45,"NIC",1,23.11170855,23.362328205,25.825489155,19.8353636376241,19.0658317377938,19.4467916524267,0.07884,0.06627,0.01202,10
"82","PRN80","RW-L37-NIC01","RW-L37-NIC","RW","L",37,"NIC",1,27.6789092369829,26.4689725978946,24.5954395034891,22.274120103932,21.6581057041334,21.9639533708648,0.01904,0.04404,0.16138,2
"83","PRN9","WR-L35-NIC02","WR-L35-NIC","WR","L",35,"NIC",2,22.7870141992758,23.0920329335787,24.3172677834614,21.7583255227529,21.168201000417,21.461235008688,0.39893,0.32291,0.13812,0
"84","PRN93","WW-L39-NIC02","WW-L39-NIC","WW","L",39,"NIC",2,21.0310802032877,21.4339686922143,22.509861520862,18.1467168916505,17.9545820649736,18.0503938361738,0.12668,0.09582,0.04545,4
"85","PRX110","RR-E23-XIL01","RR-E23-XIL","RR","E",23,"XIL",1,24.693536115,22.180093115,22.34386643,19.0662747608495,20.1154035505276,19.5838150272036,0.02896,0.16536,0.14762,3
"86","PRX116","RR-E30-XIL01","RR-E30-XIL","RR","E",30,"XIL",1,26.1607524051757,22.3188483968602,21.1335807018239,21.2126729331737,19.6837858927947,20.4339353094423,0.01888,0.27076,0.61572,10
"87","PRX12","RW-E20-XIL02","RW-E20-XIL","RW","E",20,"XIL",2,27.0142350441025,22.3866674887153,21.6582464730554,19.3819224893958,16.9079388338515,18.102716921312,0.00208,0.05133,0.08505,0
"88","PRX13","RW-E21-XIL02","RW-E21-XIL","RW","E",21,"XIL",2,25.5412283257508,22.5936466833301,27.4036006106232,20.5179149916503,17.8169183515841,19.1197807558292,0.01167,0.09,0.00321,1
"89","PRX14","RW-E22-XIL02","RW-E22-XIL","RW","E",22,"XIL",2,25.0100806832885,23.4192278012837,29.529957480692,22.5521339876244,19.8154149066822,21.1395338642049,0.06837,0.20594,0.00298,2
"90","PRX142","WW-E24-XIL02","WW-E24-XIL","WW","E",24,"XIL",2,21.6598897933625,24.3387444283863,36.0172675541375,21.0834656208359,19.0710622252723,20.0520344299362,0.32809,0.05124,2e-05,4
"91","PRX15","RW-E23-XIL02","RW-E23-XIL","RW","E",23,"XIL",2,24.7464278929596,23.2956464534638,29.1522838890977,19.8220896936651,17.4268204434437,18.5859085843372,0.01398,0.03821,0.00066,3
"92","PRX153","WW-E24-XIL01","WW-E24-XIL","WW","E",24,"XIL",1,22.2963979488823,27.0115866038215,25.3232023578098,17.8750761863117,17.7692508475662,17.8220849698886,0.04499,0.00171,0.00552,4
"93","PRX16","RW-E24-XIL02","RW-E24-XIL","RW","E",24,"XIL",2,27.312288659785,27.7833374152919,31.4587430863339,22.5529694643295,21.1791966773329,21.8552917148895,0.02277,0.01642,0.00129,4
"94","PRX162","RR-L39-XIL02","RR-L39-XIL","RR","L",39,"XIL",2,26.8502431362977,24.2338231824918,21.1448087795948,20.3711866359579,19.9804797519817,20.1748874124144,0.00978,0.06,0.51053,4
"95","PRX172","RR-E23-XIL03","RR-E23-XIL","RR","E",23,"XIL",3,27.3140727269051,22.6778325508545,23.0515959365966,22.3352250901566,20.1351688728943,21.2066859505301,0.0145,0.3607,0.27837,3
"96","PRX179","RW-L36-XIL02","RW-L36-XIL","RW","L",36,"XIL",2,26.2945277436438,23.1766757891534,25.7036635588401,20.6568905633649,19.8519023345971,20.250396885009,0.01515,0.13155,0.02282,1
"97","PRX180","RW-L37-XIL02","RW-L37-XIL","RW","L",37,"XIL",2,28.2215434128961,23.6733032679123,20.0790531564354,20.5077961600146,17.6777725584307,19.0402772088905,0.00172,0.0403,0.48674,2
"98","PRX181","RW-L38-XIL02","RW-L38-XIL","RW","L",38,"XIL",2,23.4544534074805,23.2696858126254,28.2564491151646,20.8221668992562,18.0742319911321,19.3996050242068,0.06017,0.06839,0.00216,3
"99","PRX182","RW-L39-XIL02","RW-L39-XIL","RW","L",39,"XIL",2,23.5327011329617,23.5206070478377,28.5413262658605,21.1360512485368,20.613389659316,20.8730845886602,0.15826,0.15959,0.00492,4
"100","PRX187","WR-L44-XIL01","WR-L44-XIL","WR","L",44,"XIL",1,27.3883260795209,27.0641129299885,19.9291429987844,21.4736100495882,17.5972717868278,19.4390573919355,0.00405,0.00507,0.71198,9
"101","PRX188","WR-L45-XIL01","WR-L45-XIL","WR","L",45,"XIL",1,30.3424234268002,22.8138863389602,21.206324273449,21.5167481173787,20.3,20.899521209415,0.00144,0.26529,0.80843,10
"102","PRX2","WR-L36-XIL01","WR-L36-XIL","WR","L",36,"XIL",1,19.1568513024,21.2150548561787,24.8949044241015,15.2962066872593,17.5939410867604,16.4048943704783,0.14845,0.03564,0.00278,1
"103","PRX20","RR-L39-XIL01","RR-L39-XIL","RR","L",39,"XIL",1,25.3795749672942,21.2360415124388,21.4969344140982,20.3115362076872,20.2557123318633,20.2836050652032,0.02924,0.51676,0.43127,4
"104","PRX201","RR-L45-XIL02","RR-L45-XIL","RR","L",45,"XIL",2,26.60761607,20.4646935,18.93535006,18.9675428624325,18.0622414188986,18.509358127838,0.00365,0.25786,0.74433,10
"105","PRX209","RW-E20-XIL03","RW-E20-XIL","RW","E",20,"XIL",3,26.1301287430839,22.01000340825,24.1009652400489,23.4025019356651,20.9908629029952,22.1639055610384,0.06398,1.11257,0.26115,0
"106","PRX210","RW-E21-XIL03","RW-E21-XIL","RW","E",21,"XIL",3,25.6161063362613,22.9200077182899,25.0857987244538,19.7224688376776,16.9454997271901,18.2813317432944,0.00619,0.04014,0.00895,1
"107","PRX218","RW-E30-XIL03","RW-E30-XIL","RW","E",30,"XIL",3,27.0147042546438,29.1075410844998,30.3992742501367,26.1616590713472,25.4132459965856,25.7847373005612,0.42633,0.09994,0.04082,10
"108","PRX219","WR-E20-XIL03","WR-E20-XIL","WR","E",20,"XIL",3,22.5352685642934,26.0637988889426,30.670606019143,19.5751894018266,17.879720933719,18.7082581693046,0.07046,0.00611,0.00025,0
"109","PRX220","WR-E21-XIL03","WR-E21-XIL","WR","E",21,"XIL",3,26.769093824156,22.0819833011873,20.4075298003397,19.5476112657784,17.1307971659206,18.2993487226271,0.00282,0.07266,0.23194,1
"110","PRX221","WR-E22-XIL03","WR-E22-XIL","WR","E",22,"XIL",3,28.49122731633,24.8521660842882,21.4940476596865,21.9748821226366,20.6260754755046,21.2897998399895,0.00679,0.08465,0.86799,2
"111","PRX222","WR-E23-XIL03","WR-E23-XIL","WR","E",23,"XIL",3,26.1538774811916,24.2748316775048,20.4716784925956,20.6044036145796,17.5601597319602,19.0214778251795,0.00713,0.02622,0.36597,3
"112","PRX223","WR-E24-XIL03","WR-E24-XIL","WR","E",24,"XIL",3,28.1217525481807,24.5979837028744,21.6354134284525,20.1766860223604,18.3523560815351,19.2429136678334,0.00212,0.02443,0.19045,4
"113","PRX224","WR-L35-XIL02","WR-L35-XIL","WR","L",35,"XIL",2,29.7710374026213,33.8228528975286,30.7899559724183,29.0655823807252,28.1631219842025,28.6107941541344,0.44744,0.02698,0.2208,0
"114","PRX225","WR-L36-XIL02","WR-L36-XIL","WR","L",36,"XIL",2,30.2924270466864,32.3468180398003,30.3259570710634,28.3922969704575,27.5424249366473,27.9641325287917,0.19912,0.04794,0.19454,1
"115","PRX226","WR-L37-XIL02","WR-L37-XIL","WR","L",37,"XIL",2,32.760722422085,33.1467636309421,28.5805389897555,29.0799485232068,28.4336894328093,28.7550034781939,0.06225,0.04764,1.12855,2
"118","PRX233","WR-L44-XIL02","WR-L44-XIL","WR","L",44,"XIL",2,30.6481102944504,26.6061412473696,23.7283779047159,22.6080434557673,21.9273629074607,22.2651021439887,0.003,0.04934,0.36267,9
"119","PRX239","RW-L35-XIL03","RW-L35-XIL","RW","L",35,"XIL",3,28.1957196264971,23.347074490509,21.33687670774,20.6893740391687,20.8084697591052,20.7488364500002,0.00573,0.16514,0.66525,0
"120","PRX250","WR-L37-XIL03","WR-L37-XIL","WR","L",37,"XIL",3,24.139189935636,21.6726856114393,23.162251259695,22.6691402772638,20.2814303584432,21.4420752218414,0.1542,0.85227,0.30351,2
"121","PRX251","WR-L38-XIL03","WR-L38-XIL","WR","L",38,"XIL",3,29.0717512325275,24.8800201350789,25.6743567754357,24.4933142168861,23.5098855351512,23.9965625374862,0.02966,0.54207,0.31256,3
"122","PRX257","RW-L45-XIL02","RW-L45-XIL","RW","L",45,"XIL",2,23.7576979941906,26.1211835042665,29.6683313012901,25.2995400525371,21.5873427692543,23.3698490157424,0.76427,0.14851,0.0127,10
"123","PRX265","RR-E24-XIL03","RR-E24-XIL","RR","E",24,"XIL",3,27.115625543201,22.7571237796893,22.0098187320485,22.0232298427924,21.2040618041261,21.6097646149384,0.02201,0.45145,0.75783,4
"124","PRX280","WR-E30-XIL03","WR-E30-XIL","WR","E",30,"XIL",3,28.6810196687215,24.8308577844809,20.8750660826371,22.3532146472425,19.4296083490354,20.840206475413,0.00436,0.06291,0.97613,10
"125","PRX289","WW-E24-XIL03","WW-E24-XIL","WW","E",24,"XIL",3,23.1297008510222,27.0602056142759,32.2033975032071,23.2377117088365,21.9779266121493,22.5990425144759,0.69224,0.0454,0.00128,4
"126","PRX3","WR-L37-XIL01","WR-L37-XIL","WR","L",37,"XIL",1,22.0574042164748,20.6109360623942,21.4954175839452,18.582507861159,17.4115452743625,17.987500575004,0.05954,0.16228,0.0879,2
"127","PRX301","RW-E22-XIL04","RW-E22-XIL","RW","E",22,"XIL",4,25.5850380582197,23.278873666997,27.6347893158273,21.3582979931799,20.423010982634,20.8854196626518,0.03848,0.19033,0.00929,2
"128","PRX302","RW-E23-XIL04","RW-E23-XIL","RW","E",23,"XIL",4,25.2061219270965,24.0513146572861,29.1725589255246,21.9556279523863,19.6497658891247,20.770723367594,0.04622,0.10291,0.00296,3
"129","PRX303","RW-E24-XIL04","RW-E24-XIL","RW","E",24,"XIL",4,23.2618480050099,23.0093136868822,28.972947363239,22.4687265196943,19.8795477954541,21.1345244269004,0.22888,0.27267,0.00437,4
"130","PRX309","RW-E30-XIL04","RW-E30-XIL","RW","E",30,"XIL",4,20.9664621741246,23.4565983482604,27.131884318942,20.004772968146,16.1145827142295,17.9546252724631,0.12398,0.02207,0.00173,10
"131","PRX31","RW-E30-XIL02","RW-E30-XIL","RW","E",30,"XIL",2,23.0413036102036,23.4823125592707,26.0242406527168,20.5348489425438,20.1851231794631,20.3592351373256,0.15582,0.11478,0.01971,10
"132","PRX315","WR-E20-XIL04","WR-E20-XIL","WR","E",20,"XIL",4,22.9186527261767,25.2374064707031,30.4840118834953,21.4516228048473,19.636965184249,20.5242483459061,0.1902,0.03812,0.001,0
"133","PRX316","WR-E21-XIL04","WR-E21-XIL","WR","E",21,"XIL",4,26.4193287618741,25.6057651083717,26.7457622198815,24.6405781326562,24.029122755147,24.3329298833368,0.23547,0.41385,0.18779,1
"134","PRX328","WR-E20-XIL05","WR-E20-XIL","WR","E",20,"XIL",5,22.1559428760754,25.367724305,26.2026652727385,15.5671808619295,15.3640010680314,15.4652573010902,0.00968,0.00104,0.00059,0
"135","PRX329","WR-E21-XIL05","WR-E21-XIL","WR","E",21,"XIL",5,21.4480114741299,30.7375902607932,24.4468911570051,20.8131842043375,17.484454601853,19.076351179949,0.19322,0.00031,0.02417,1
"136","PRX330","WR-E22-XIL05","WR-E22-XIL","WR","E",22,"XIL",5,28.8924665468202,30.7994069521056,23.7670307069469,23.8245257932968,21.036084361187,22.3869322251412,0.01101,0.00293,0.38419,2
"137","PRX331","WR-E23-XIL05","WR-E23-XIL","WR","E",23,"XIL",5,30.832565553457,23.2291841808022,21.1181875676134,22.0938951801674,20.0366949317985,21.0401672422095,0.00113,0.2193,0.94736,3
"138","PRX332","WR-E24-XIL05","WR-E24-XIL","WR","E",24,"XIL",5,29.9551373061843,24.0941833323152,21.4629186408679,22.9771868871935,19.6387400888468,21.2424810521382,0.00238,0.13853,0.85831,4
"139","PRX338","WR-E30-XIL05","WR-E30-XIL","WR","E",30,"XIL",5,28.0763343163109,22.6037441026252,20.2407041812834,20.7018734168651,18.065099263897,19.3385986623721,0.00234,0.10401,0.53511,10
"140","PRX4","WR-L38-XIL01","WR-L38-XIL","WR","L",38,"XIL",1,24.4617735360994,20.3059980940047,20.6838486822404,18.5878515855726,17.5352023979177,18.0538566432624,0.01178,0.20991,0.16154,3
"141","PRX50","RW-L45-XIL01","RW-L45-XIL","RW","L",45,"XIL",1,21.8971787578303,21.7067671120465,25.4805887815667,21.381338775966,18.4263787375968,19.8489457201841,0.24178,0.27589,0.02017,10
"142","PRX6","RW-L36-XIL01","RW-L36-XIL","RW","L",36,"XIL",1,27.341392505676,23.8348180308619,26.449115436769,17.382580726287,16.4846682123566,16.927671899802,0.00073,0.00833,0.00136,1
"143","PRX62","RW-E20-XIL01","RW-E20-XIL","RW","E",20,"XIL",1,26.7627474017142,23.5708010535961,21.7163444216317,20.8799336838316,17.296802968811,19.0041074226356,0.00462,0.0422,0.15259,0
"144","PRX63","RW-E21-XIL01","RW-E21-XIL","RW","E",21,"XIL",1,25.8515377705829,23.1527665550457,25.1562080892096,17.7046758027786,17.2369675881268,17.4692565088154,0.003,0.01946,0.00485,1
"145","PRX65","RW-E23-XIL01","RW-E23-XIL","RW","E",23,"XIL",1,22.5112873730783,23.2764343240385,27.9774734695968,20.204846645825,16.7261650697318,18.383405566072,0.0572,0.03366,0.00129,3
"146","PRX66","RW-E24-XIL01","RW-E24-XIL","RW","E",24,"XIL",1,23.0678972315027,23.366577232109,28.0720091662301,21.119171987121,18.2090183603171,19.6101858856101,0.09102,0.074,0.00284,4
"147","PRX7","RW-L37-XIL01","RW-L37-XIL","RW","L",37,"XIL",1,26.779102973524,26.2648908300505,27.2476282838282,17.3121672358609,16.3748324122059,16.8369782674714,0.00102,0.00145,0.00073,2
"148","PRX8","RW-L38-XIL01","RW-L38-XIL","RW","L",38,"XIL",1,24.2340855173456,23.7227669822381,28.9476628410045,17.1460821363185,16.525163910123,16.8327602525283,0.00592,0.00843,0.00023,3
"149","PRX83","WW-L38-XIL01","WW-L38-XIL","WW","L",38,"XIL",1,21.4814683203564,23.6941508517387,27.7073736962634,18.4385224774382,17.9474839594117,18.191346470206,0.10223,0.02205,0.00137,3
"150","PRX87","WW-L42-XIL01","WW-L42-XIL","WW","L",42,"XIL",1,22.9307858108356,24.6849090848923,31.1733711407788,23.0889541776242,19.4940670210728,21.2155042406511,0.30454,0.09028,0.00101,7
"151","PRX96","WR-E22-XIL02","WR-E22-XIL","WR","E",22,"XIL",2,23.6463558122177,20.8832597087921,23.7061758442978,21.171758907714,18.479694192535,19.779980539238,0.06857,0.46546,0.06578,2
"152","PRX97","WR-E23-XIL02","WR-E23-XIL","WR","E",23,"XIL",2,25.415379777669,22.5039702160864,23.3329823574267,22.5595570021555,18.7680169758656,20.5766408527841,0.03495,0.26292,0.148,3
